uid	username	nodes	cur nodes	ways	cur ways	relations	cur rels	first	last	days active	total edits	current objects	avg edits/day
195219	3dShapes	313701	269215	31367	25589	319	246	11/15/2009	04/02/2011	504	345387	295050	685.2916666666666
48448	paulbe	112662	33502	36074	7321	808	23	06/28/2008	09/18/2011	1178	149544	40846	126.94736842105263
12946	AND	73091	15893	20092	3373	10	0	09/06/2007	08/14/2010	1074	93193	19266	86.77188081936686
15212	Sec	31281	8759	6522	737	180	0	10/08/2007	08/20/2010	1047	37983	9496	36.277936962750715
204153	mfvl	23266	18242	7137	3494	444	111	12/02/2009	09/16/2011	653	30847	21847	47.23889739663093
33338	rullzer	20641	17605	8137	3594	599	147	05/08/2008	05/24/2011	1112	29377	21346	26.4181654676259
8909	mvexel	17046	10378	6098	2573	217	38	06/09/2007	07/07/2011	1489	23361	12989	15.689053055742109
12527	GercoKees	15762	2193	6298	1225	579	7	09/27/2007	09/06/2011	1441	22639	3425	15.710617626648162
175600	grossing	10279	2529	7412	2023	19	0	03/14/2010	03/14/2010	1	17710	4552	17710
211771	AND_fixbot	16026	4899	629	1	0	0	12/25/2009	07/20/2010	207	16655	4900	80.45893719806763
37627	Meeuw	14099	11442	1914	641	109	3	05/15/2008	08/11/2011	1183	16122	12086	13.62806424344886
10927	Skywave	8537	2040	4746	614	737	4	09/27/2007	08/23/2011	1426	14020	2658	9.831697054698457
2407	florisje	10591	7912	1626	685	18	2	03/17/2007	07/16/2011	1582	12235	8599	7.733881163084703
48213	Rejo Zenger	5624	3093	4649	1960	109	12	05/22/2009	04/30/2010	344	10382	5065	30.180232558139537
37993	fsteggink	7407	7296	1762	1638	95	43	06/30/2010	04/03/2011	277	9264	8977	33.44404332129964
6168	LHCarsten	5311	1231	3247	633	75	14	02/20/2007	08/26/2011	1648	8633	1878	5.238470873786408
26230	BugBlue	4811	4178	1954	1154	1069	80	11/12/2009	08/01/2011	627	7834	5412	12.494417862838915
161542	textlijn	4882	3515	1803	828	670	4	10/22/2009	12/13/2010	417	7355	4347	17.637889688249402
2758	Stefan de Konink	5611	2341	137	60	38	4	06/12/2007	06/19/2010	1104	5786	2405	5.240942028985507
459188	MA-PH	2009	1726	3003	2479	117	28	05/24/2011	07/21/2011	59	5129	4233	86.9322033898305
67592	Sybren	1004	556	2967	946	10	4	06/22/2009	07/24/2010	397	3981	1506	10.027707808564232
458995	W-PH	1642	1419	2077	1488	93	6	05/23/2011	06/28/2011	37	3812	2913	103.02702702702703
11344	maartenq	2554	243	742	159	0	0	10/21/2007	10/13/2010	1089	3296	402	3.0266299357208446
10044	Valentijn	1509	772	1396	459	77	3	06/02/2009	08/02/2011	791	2982	1234	3.769911504424779
9953	pjr	2257	681	456	56	47	1	07/21/2008	08/01/2011	1107	2760	738	2.4932249322493223
220863	stefanwillmeroth	2112	1562	594	309	28	2	01/18/2010	07/22/2011	550	2734	1873	4.970909090909091
476664	Nico Witteman	1712	1544	655	557	113	47	06/25/2011	09/18/2011	86	2480	2148	28.837209302325583
9176	Maarten Deen	409	146	1586	126	380	4	06/27/2007	06/12/2011	1447	2375	276	1.6413268832066343
74773	ANDborders2	2114	822	132	21	109	0	10/23/2008	10/26/2008	4	2355	843	588.75
16944	wim-wam-reus	1203	219	1109	186	0	0	02/01/2008	12/14/2009	683	2312	405	3.38506588579795
36790	stroet43	1628	957	328	132	29	0	11/30/2008	09/08/2011	1013	1985	1089	1.9595261599210267
466770	W-S	579	499	1298	1022	23	5	06/21/2011	08/25/2011	66	1900	1526	28.78787878787879
76275	rob72	797	248	833	388	8	1	10/30/2008	07/15/2011	989	1638	637	1.6562184024266937
6313	Cagri	1419	85	199	1	0	0	03/05/2007	07/09/2007	126	1618	86	12.841269841269842
14498	Jan Westerhof	998	964	571	517	20	6	09/24/2007	09/08/2011	1445	1589	1487	1.0996539792387543
143643	Gijsrooy	1178	975	373	213	29	1	04/15/2011	07/14/2011	91	1580	1189	17.36263736263736
57771	looisf	1312	413	215	38	26	0	09/01/2008	11/08/2008	68	1553	451	22.83823529411765
51722	Chris Parker	1300	1067	180	115	31	30	06/29/2009	05/28/2011	699	1511	1212	2.161659513590844
36593	decowski	1016	812	193	89	5	0	04/15/2009	06/27/2011	804	1214	901	1.5099502487562189
22422	SimonA	796	194	370	24	4	0	02/25/2008	12/08/2010	1017	1170	218	1.1504424778761062
466765	MA-S	392	322	605	376	74	0	06/14/2011	06/20/2011	7	1071	698	153
2017	user_2017	662	126	134	13	269	0	11/21/2008	05/31/2009	191	1065	139	5.575916230366492
9057	Tjibbe	889	73	175	13	0	0	07/02/2007	12/07/2009	889	1064	86	1.1968503937007875
166937	rethna	642	519	95	73	300	32	09/22/2009	08/25/2011	702	1037	624	1.4772079772079771
20977	Pemberton	695	144	329	22	0	0	12/06/2007	01/20/2011	1141	1024	166	0.8974583698510079
67141	ligfietser	770	491	203	100	5	1	08/18/2009	08/11/2011	723	978	592	1.3526970954356847
7702	milovanderlinden	826	690	126	74	2	0	05/23/2007	05/26/2011	1465	954	764	0.6511945392491467
58533	phicoh	502	218	372	86	34	1	08/11/2008	02/14/2011	918	908	305	0.9891067538126361
3130	Zoran Kovacevic	814	495	54	2	0	0	07/19/2006	03/08/2008	599	868	497	1.4490818030050083
69127	GeoGrafiker	727	133	107	8	0	0	01/16/2009	12/30/2009	348	834	141	2.396551724137931
25657	pjdebruin	524	188	197	48	29	0	04/25/2009	04/21/2010	362	750	236	2.0718232044198897
6676	Ante	577	214	163	39	0	0	03/21/2007	03/08/2008	353	740	253	2.096317280453258
14238	acracia	452	58	249	20	0	0	09/23/2007	10/20/2009	758	701	78	0.924802110817942
4054	Andre Engels	249	94	372	137	33	5	10/03/2006	07/26/2010	1393	654	236	0.4694903086862886
121724	jutezak	449	211	151	69	0	0	05/09/2009	09/04/2011	848	600	280	0.7075471698113207
6823	Eugene van der Pijll	500	478	37	10	60	15	06/26/2007	03/29/2011	1373	597	503	0.43481427530954114
37180	Ivo Schooneman	574	287	2	1	0	0	05/07/2008	05/07/2008	1	576	288	576
105512	datalogg	398	69	172	153	3	0	08/26/2009	07/04/2010	312	573	222	1.8365384615384615
173528	WouterH	235	87	297	61	1	0	09/17/2009	01/13/2010	119	533	148	4.4789915966386555
191979	It's so funny	76	74	407	257	35	2	01/22/2010	09/18/2011	604	518	333	0.8576158940397351
24748	mabapla	383	369	86	66	1	1	06/03/2011	06/03/2011	1	470	436	470
6424	Lambertus	302	95	158	25	6	0	06/26/2007	06/30/2009	735	466	120	0.6340136054421769
319572	Martien Sch	138	112	277	205	27	4	10/21/2010	03/10/2011	140	442	321	3.157142857142857
93905	welier	398	367	27	19	1	0	09/13/2010	10/28/2010	45	426	386	9.466666666666667
5446	Freek	325	124	65	15	20	0	08/10/2007	07/28/2010	1084	410	139	0.37822878228782286
32936	StevenF	277	54	130	6	0	0	04/02/2008	01/11/2011	1014	407	60	0.40138067061143984
171863	clara	302	221	85	49	5	0	12/30/2009	08/12/2011	590	392	270	0.6644067796610169
30525	The Maarssen Mapper	193	179	135	91	38	4	05/17/2009	09/14/2011	851	366	274	0.4300822561692127
3666	Mtcv	253	64	84	10	0	0	11/20/2007	09/28/2009	678	337	74	0.4970501474926254
39636	telegnom	328	17	4	0	0	0	06/01/2009	01/10/2010	223	332	17	1.4887892376681615
58666	ThaNOD	118	32	213	50	0	0	08/11/2008	09/07/2008	28	331	82	11.821428571428571
54755	Paul Martin	0	0	0	0	329	0	09/25/2008	10/26/2009	397	329	0	0.8287153652392947
103138	Danilo Diogo	229	29	33	4	60	1	03/06/2009	04/02/2010	393	322	34	0.8193384223918575
79234	ligfries	276	65	32	2	0	0	12/02/2008	05/03/2010	517	308	67	0.5957446808510638
21502	Kevin Steinhardt	142	138	116	104	27	13	12/04/2010	08/24/2011	264	285	255	1.0795454545454546
108588	taihen	276	30	2	0	0	0	09/04/2009	09/04/2009	1	278	30	278
48800	nfmaas	266	133	2	1	0	0	06/30/2008	06/30/2008	1	268	134	268
24898	Menno Tammens	256	0	3	0	0	0	01/27/2008	01/28/2008	1	259	0	259
25231	Steven te Brinke	147	78	100	6	5	0	02/22/2008	08/03/2010	893	252	84	0.2821948488241881
48491	Berteun	50	19	42	11	140	0	07/01/2008	02/05/2009	220	232	30	1.0545454545454545
457567	Boterdijk	213	188	15	6	4	2	05/20/2011	07/18/2011	60	232	196	3.8666666666666667
70696	xybot	93	46	133	70	0	0	10/09/2008	09/17/2011	1074	226	116	0.21042830540037244
58639	Frank Amsterdam	151	70	72	3	0	0	08/11/2008	08/11/2008	1	223	73	223
13203	bahnpirat	190	177	23	9	9	4	07/13/2009	02/26/2010	229	222	190	0.9694323144104804
175922	Jos_S	106	15	108	71	5	0	09/21/2009	09/10/2010	354	219	86	0.6186440677966102
2500	jamesks	146	10	48	1	20	0	08/25/2008	08/27/2008	3	214	11	71.33333333333333
300917	ErikO	182	107	19	18	0	0	06/21/2011	08/24/2011	64	201	125	3.140625
16559	stvn	158	153	40	22	0	0	10/15/2007	11/04/2010	1116	198	175	0.1774193548387097
115468	platlas23	159	0	37	1	2	1	05/15/2009	09/02/2009	110	198	2	1.8
3516	BiIbo	148	110	41	26	4	0	06/04/2008	08/15/2010	802	193	136	0.24064837905236908
16135	nimix	15	2	2	1	169	0	09/22/2008	08/04/2010	682	186	3	0.2727272727272727
222606	Hans Zelf	122	38	43	9	20	0	01/22/2010	05/11/2010	109	185	47	1.6972477064220184
166393	Henk_S	112	43	59	13	7	0	09/03/2009	12/22/2009	110	178	56	1.6181818181818182
95972	Kingigi	127	75	46	28	4	0	06/18/2009	08/13/2011	787	177	103	0.22490470139771285
336460	robgeb	165	164	8	8	3	2	08/19/2011	08/19/2011	1	176	174	176
28090	AliBaba	63	20	111	24	1	0	07/14/2008	06/08/2010	695	175	44	0.2517985611510791
6456	Treq	69	36	100	8	0	0	02/27/2008	02/27/2008	1	169	44	169
36080	polderrunner	90	7	43	6	34	2	10/19/2008	07/24/2011	1008	167	15	0.16567460317460317
22009	Gerry Ferdinandus	118	68	49	33	0	0	08/14/2010	08/20/2010	7	167	101	23.857142857142858
27725	mvdriel	80	5	85	4	1	0	02/17/2008	04/24/2009	432	166	9	0.38425925925925924
46846	raaf	93	81	12	8	52	3	12/19/2010	06/13/2011	177	157	92	0.8870056497175142
5278	kleptog	147	62	10	0	0	0	03/17/2007	05/06/2008	417	157	62	0.3764988009592326
212170	Dantheman	119	78	34	19	0	0	12/26/2009	04/28/2010	123	153	97	1.2439024390243902
2539	jip	124	19	28	0	1	0	09/02/2006	12/24/2007	478	153	19	0.3200836820083682
17589	Till	129	56	23	9	0	0	10/10/2009	10/11/2009	1	152	65	152
67958	West Erop	40	6	24	1	85	1	10/23/2008	09/16/2011	1058	149	8	0.14083175803402648
61898	Hans van Wijk	87	33	19	5	43	0	12/22/2008	03/22/2010	455	149	38	0.3274725274725275
57577	TaedeT	0	0	0	0	149	0	08/15/2008	11/29/2010	837	149	0	0.17801672640382318
355755	Ximonn	108	99	27	19	0	0	10/07/2010	10/13/2010	6	135	118	22.5
48796	Ldp	8	5	6	2	119	0	07/22/2008	01/08/2011	900	133	7	0.14777777777777779
22961	Tobias Isenberg	115	0	10	1	5	0	12/18/2008	12/20/2008	3	130	1	43.333333333333336
301557	BikePC	78	76	27	18	24	1	06/10/2010	08/13/2011	429	129	95	0.3006993006993007
162879	Reinout	24	20	23	8	80	0	09/08/2009	07/31/2011	691	127	28	0.1837916063675832
216346	web	106	53	19	0	1	0	01/08/2010	01/08/2010	1	126	53	126
1679	andrewpmk	71	22	54	11	0	0	10/26/2007	03/08/2010	864	125	33	0.14467592592592593
22347	cartinus	14	14	3	1	106	0	02/01/2008	08/27/2011	1303	123	15	0.09439754412893323
15276	Ben Konrath	105	75	14	12	1	1	08/14/2010	09/14/2011	397	120	88	0.3022670025188917
355329	fluebbe	106	87	12	10	0	0	10/08/2010	10/10/2010	3	118	97	39.333333333333336
179235	Theo86	83	44	33	14	0	0	02/14/2010	04/01/2010	46	116	58	2.5217391304347827
20163	bri g	102	28	14	2	0	0	09/14/2009	09/21/2009	8	116	30	14.5
36719	Sandra B	49	7	61	2	0	0	05/02/2008	10/21/2008	172	110	9	0.6395348837209303
6072	Eimai	0	0	0	0	109	1	11/18/2008	06/18/2011	942	109	1	0.11571125265392782
91749	Frankl2009	50	41	29	11	28	0	08/26/2009	03/27/2011	578	107	52	0.185121107266436
5487	Jeroen Dekkers	106	106	0	0	0	0	04/28/2007	04/28/2007	1	106	106	106
290680	wheelmap_visitor	104	86	0	0	0	0	01/23/2011	09/07/2011	227	104	86	0.4581497797356828
245031	gbakhuis	78	58	26	8	0	0	06/12/2010	06/13/2010	2	104	66	52
91930	Mart van Santen	90	2	13	0	0	0	01/15/2009	01/17/2009	2	103	2	51.5
141567	cjacobs	74	63	27	20	0	0	07/15/2009	07/16/2009	2	101	83	50.5
94072	Chubus	64	22	35	0	0	0	01/25/2009	01/25/2009	1	99	22	99
116151	cruz	89	4	7	0	0	0	08/25/2009	09/12/2009	18	96	4	5.333333333333333
40015	TNEd	33	5	60	13	0	0	05/26/2008	05/26/2008	1	93	18	93
80994	splashy	73	18	19	8	0	0	01/04/2010	11/29/2010	330	92	26	0.2787878787878788
90110	user60551064	82	5	10	0	0	0	01/07/2009	01/07/2009	1	92	5	92
35560	HeikoE	0	0	0	0	91	0	11/02/2008	07/29/2010	634	91	0	0.14353312302839116
124466	Heros	78	73	10	3	1	1	04/24/2010	04/26/2010	3	89	77	29.666666666666668
268171	vics001	84	47	4	4	1	0	08/15/2010	09/18/2011	399	89	51	0.22305764411027568
371798	Léon	48	26	16	8	24	0	11/24/2010	09/08/2011	289	88	34	0.3044982698961938
65103	pendethan	16	13	2	1	70	0	03/22/2010	04/23/2011	397	88	14	0.2216624685138539
14125	MacFreek	69	45	17	8	1	0	11/26/2009	03/11/2011	471	87	53	0.18471337579617833
12630	Maurice Mulders	69	5	17	2	0	0	10/16/2007	06/29/2009	622	86	7	0.1382636655948553
294552	ZMWandelaar	5	4	71	23	10	0	07/27/2010	04/15/2011	262	86	27	0.3282442748091603
2050	Wilko Quak	85	85	1	1	0	0	08/31/2010	08/31/2010	1	86	86	86
7050	moonwashed	77	16	6	0	2	0	03/06/2009	03/15/2009	10	85	16	8.5
30208	The CEO	0	0	2	0	80	0	05/05/2008	08/25/2009	477	82	0	0.1719077568134172
215186	Menzel	0	0	0	0	81	0	05/25/2010	05/26/2010	1	81	0	81
230354	spoonstreet	79	5	1	0	0	0	02/06/2010	02/06/2010	1	80	5	80
240142	JvR	60	5	0	0	19	0	03/24/2010	07/18/2010	116	79	5	0.6810344827586207
268055	dePund	54	44	25	5	0	0	04/18/2010	05/15/2011	393	79	49	0.2010178117048346
187227	Remco Zut	39	18	35	18	4	2	10/16/2009	07/05/2011	627	78	38	0.12440191387559808
235649	ableeker	62	61	14	13	0	0	06/13/2011	06/18/2011	6	76	74	12.666666666666666
215166	kansloos	45	34	28	21	0	0	01/04/2010	06/06/2011	518	73	55	0.14092664092664092
128186	malcolmh	72	65	0	0	0	0	06/21/2011	08/25/2011	65	72	65	1.1076923076923078
90372	kbunny	57	9	14	0	0	0	01/09/2009	01/09/2009	1	71	9	71
28427	skunk	46	28	19	3	4	0	07/11/2009	07/12/2009	2	69	31	34.5
291194	katams	50	1	15	0	4	0	05/22/2010	05/26/2010	4	69	1	17.25
192955	zepaz	53	12	14	1	2	0	11/02/2009	11/07/2009	6	69	13	11.5
3246	onion	47	9	21	3	0	0	10/10/2009	10/12/2009	2	68	12	34
122213	kds_ch	0	0	0	0	67	0	08/19/2009	11/16/2010	455	67	0	0.14725274725274726
464776	dmgo	55	40	12	8	0	0	06/22/2011	06/29/2011	8	67	48	8.375
385787	Tourepel	35	31	22	11	9	0	01/16/2011	08/18/2011	214	66	42	0.308411214953271
334075	eggie	0	0	0	0	63	0	09/19/2010	09/07/2011	354	63	0	0.17796610169491525
1055	mkessels	62	62	0	0	0	0	05/14/2006	06/17/2007	400	62	62	0.155
8009	Rubke	54	17	6	3	2	0	10/23/2007	07/29/2010	1011	62	20	0.06132542037586548
5504	OliverH	32	32	12	12	17	10	12/06/2010	09/19/2011	287	61	54	0.21254355400696864
83876	BurnyB	0	0	0	0	61	0	03/31/2011	08/12/2011	135	61	0	0.45185185185185184
7925	anneb	47	31	14	6	0	0	10/28/2009	11/15/2010	383	61	37	0.15926892950391644
140991	wodahl	37	37	23	15	0	0	07/03/2011	07/04/2011	2	60	52	30
120715	ruhri2010	0	0	0	0	60	0	11/16/2009	03/16/2011	486	60	0	0.12345679012345678
138053	pauliusz	38	38	22	1	0	0	02/28/2010	02/28/2010	1	60	39	60
313569	bduijnen	43	25	16	6	0	0	07/16/2010	07/31/2010	15	59	31	3.933333333333333
323782	Peter Boersma	58	5	1	0	0	0	07/25/2010	07/25/2010	1	59	5	59
84754	eduardo_dias	49	34	7	3	1	1	01/12/2009	08/09/2010	574	57	38	0.09930313588850175
6367	mackerski	45	24	12	6	0	0	06/29/2009	07/24/2009	25	57	30	2.28
37137	Derick Rethans	36	36	19	13	1	1	05/09/2011	09/11/2011	125	56	50	0.448
35112	Jozzy	8	4	9	2	39	0	02/25/2010	04/07/2011	407	56	6	0.1375921375921376
521467	telieven	45	40	10	5	0	0	09/13/2011	09/13/2011	1	55	45	55
26299	uboot	54	10	0	0	0	0	04/02/2008	04/03/2008	1	54	10	54
81497	RaffyO	45	15	9	0	0	0	07/09/2009	07/12/2009	3	54	15	18
315679	ErikMin	32	17	20	11	0	0	07/08/2010	07/10/2010	3	52	28	17.333333333333332
28052	CvR	50	0	0	0	0	0	03/02/2008	03/22/2008	20	50	0	2.5
36382	clgowa	42	7	7	1	0	0	08/16/2009	12/09/2009	115	49	8	0.4260869565217391
5080	vassloff	49	49	0	0	0	0	06/11/2007	06/13/2007	3	49	49	16.333333333333332
145099	edwin_wisse	20	16	29	11	0	0	07/09/2010	07/28/2011	384	49	27	0.12760416666666666
166882	wojciech mlynarczyk	32	6	16	1	0	0	09/03/2009	09/03/2009	1	48	7	48
47892	richlv	8	1	3	3	36	0	09/17/2008	12/19/2010	824	47	4	0.05703883495145631
325416	Sammelmuetze	44	44	2	1	0	0	10/07/2010	10/07/2010	1	46	45	46
8259	Myckel	32	1	14	0	0	0	07/28/2007	07/28/2007	1	46	1	46
25641	Geert Schuring	43	8	2	0	0	0	07/10/2008	08/31/2008	53	45	8	0.8490566037735849
56882	seird	26	4	18	1	0	0	08/04/2008	08/06/2008	2	44	5	22
203114	Jeroen Muris	16	13	1	0	27	1	02/12/2010	05/01/2011	443	44	14	0.09932279909706546
9739	landloper	37	0	7	0	0	0	08/08/2007	08/16/2007	8	44	0	5.5
410997	jobvdg	29	14	13	7	1	0	02/21/2011	02/23/2011	2	43	21	21.5
6270	mikes	0	0	0	0	43	0	09/23/2008	03/21/2010	545	43	0	0.07889908256880734
45985	janrikard	0	0	0	0	42	0	10/20/2009	05/13/2010	205	42	0	0.2048780487804878
6975	ulfl	28	3	14	3	0	0	02/16/2008	12/23/2009	677	42	6	0.0620384047267356
109925	WanMil	2	2	6	4	34	0	09/06/2009	05/09/2010	246	42	6	0.17073170731707318
343036	kocr	0	0	0	0	42	0	10/27/2010	11/24/2010	28	42	0	1.5
370275	DJonker	25	17	15	5	0	0	12/30/2010	12/30/2010	1	40	22	40
73507	thom3	33	4	7	4	0	0	02/25/2010	04/03/2010	38	40	8	1.0526315789473684
16290	MichaelK	16	9	23	8	0	0	07/10/2009	07/14/2009	4	39	17	9.75
383309	AtonX	31	31	8	8	0	0	07/02/2011	07/02/2011	1	39	39	39
192896	vussiewussie	17	17	2	1	19	0	06/19/2010	08/04/2010	46	38	18	0.8260869565217391
77947	Roman Guy	0	0	0	0	38	0	02/11/2009	09/13/2010	580	38	0	0.06551724137931035
94936	Arno Peters	34	2	4	0	0	0	10/26/2009	03/06/2011	497	38	2	0.07645875251509054
8619	cetest	23	1	2	1	13	1	10/27/2007	11/25/2010	1126	38	3	0.03374777975133215
39504	malenki	1	1	36	24	0	0	07/08/2009	07/08/2009	1	37	25	37
64159	Quelbs	28	9	9	1	0	0	02/04/2009	02/05/2009	1	37	10	37
125840	Jobw	15	7	22	2	0	0	05/18/2009	06/07/2011	750	37	9	0.04933333333333333
106325	Frank Visser	0	0	0	0	37	0	03/15/2009	03/17/2009	2	37	0	18.5
116044	berndw	0	0	0	0	36	1	01/10/2010	09/09/2011	607	36	1	0.05930807248764415
44956	Seco	36	36	0	0	0	0	11/05/2008	11/05/2008	1	36	36	36
424172	JanWandelaar	10	10	20	11	6	0	05/10/2011	08/14/2011	96	36	21	0.375
351938	Emiel1	1	1	22	20	13	0	02/01/2011	07/27/2011	176	36	21	0.20454545454545456
98099	lzhl	1	0	0	0	35	0	09/12/2009	09/15/2011	733	36	0	0.04911323328785812
288381	arjen	34	7	1	0	0	0	05/20/2010	05/20/2010	1	35	7	35
177084	AlRight	0	0	1	0	34	0	10/08/2009	04/07/2011	547	35	0	0.06398537477148081
45027	PA94	1	1	31	14	2	0	02/09/2009	06/09/2010	486	34	15	0.06995884773662552
50383	amrmap	5	2	8	1	21	0	07/12/2008	05/14/2011	1036	34	3	0.032818532818532815
121812	Bart-Willem	23	5	11	3	0	0	12/10/2009	12/10/2009	1	34	8	34
57199	PolarZoe	17	2	16	0	0	0	08/05/2008	08/05/2008	1	33	2	33
21124	ardjan	21	0	12	0	0	0	12/07/2007	12/07/2007	1	33	0	33
27499	jdent	18	3	15	0	0	0	02/28/2008	02/28/2008	1	33	3	33
2442	Steven Pemberton	18	4	12	3	3	0	08/24/2009	08/24/2009	1	33	7	33
244201	CEDRIC007	0	0	0	0	33	0	04/15/2010	10/26/2010	194	33	0	0.17010309278350516
186267	flori_hh	29	29	3	3	0	0	10/20/2009	11/12/2009	23	32	32	1.391304347826087
316371	Computerfreaked	15	15	12	11	5	2	05/06/2011	09/06/2011	124	32	28	0.25806451612903225
157996	erietvel	22	7	10	2	0	0	08/14/2009	08/14/2009	1	32	9	32
226132	marcvangend	11	6	21	6	0	0	01/28/2010	01/31/2010	4	32	12	8
120369	tom63452	23	22	6	2	2	0	09/28/2009	09/28/2009	1	31	24	31
142776	dedNikifor	0	0	0	0	31	0	11/20/2009	09/07/2011	656	31	0	0.04725609756097561
35313	ElDiabolo	0	0	30	0	0	0	08/26/2008	08/30/2008	4	30	0	7.5
203503	Felch	29	14	1	1	0	0	12/01/2009	12/01/2009	1	30	15	30
367508	fazli	20	14	0	0	9	0	11/05/2010	11/05/2010	1	29	14	29
58404	f00t	11	5	18	10	0	0	08/12/2008	07/15/2009	337	29	15	0.08605341246290801
136448	Juggler	16	5	13	12	0	0	06/17/2009	06/17/2009	1	29	17	29
7203	ToffeHoff	8	2	7	1	14	0	02/16/2009	05/30/2011	833	29	3	0.03481392557022809
55741	Mdri	0	0	0	0	28	0	01/19/2010	01/12/2011	358	28	0	0.0782122905027933
25596	Pim van den Broek	9	0	19	0	0	0	01/29/2008	01/29/2008	1	28	0	28
42123	Ropino	2	1	1	1	25	0	08/04/2008	03/27/2011	966	28	2	0.028985507246376812
228141	Jeroen van der Wal	21	17	7	5	0	0	02/02/2010	02/02/2010	1	28	22	28
499763	Maarten Admiraal	20	19	8	8	0	0	08/02/2011	08/02/2011	1	28	27	28
81199	christianf	22	18	6	4	0	0	09/28/2009	09/28/2009	1	28	22	28
189464	Cpl_Uhl	22	5	5	0	0	0	12/16/2009	12/16/2009	1	27	5	27
296331	_bp	26	26	1	1	0	0	09/18/2011	09/18/2011	1	27	27	27
445176	FrankBouwhuis	27	25	0	0	0	0	04/26/2011	04/27/2011	1	27	25	27
110263	werner2101	1	1	0	0	25	22	01/24/2010	01/21/2011	363	26	23	0.07162534435261708
47733	Jasper Hauser	17	8	8	2	0	0	06/25/2008	08/04/2010	771	25	10	0.0324254215304799
186601	JdH	0	0	0	0	25	0	11/15/2009	08/07/2011	631	25	0	0.039619651347068144
35598	ReLuc	0	0	0	0	25	0	07/24/2009	09/10/2009	49	25	0	0.5102040816326531
52921	t-i	0	0	2	0	23	0	09/06/2009	12/10/2010	461	25	0	0.05422993492407809
29061	KPG	24	12	0	0	1	0	12/07/2010	12/07/2010	1	25	12	25
31231	Andre68	6	1	5	0	13	0	09/17/2008	09/05/2010	718	24	1	0.033426183844011144
261620	shafr	0	0	0	0	24	0	04/25/2010	11/26/2010	215	24	0	0.11162790697674418
376561	weggelegd	0	0	0	0	24	0	01/05/2011	08/23/2011	230	24	0	0.10434782608695652
48581	Seat Ibiza	0	0	0	0	24	0	03/21/2009	04/02/2010	377	24	0	0.0636604774535809
152744	skyper	0	0	4	0	19	0	05/18/2010	06/09/2010	22	23	0	1.0454545454545454
138477	Dutch Hoekstra	0	0	23	3	0	0	07/04/2009	07/04/2009	1	23	3	23
36694	neufeind	15	0	8	4	0	0	07/31/2008	09/28/2009	424	23	4	0.054245283018867926
200402	BMV	23	1	0	0	0	0	11/22/2009	11/22/2009	1	23	1	23
30099	Clinton Gladstone	0	0	0	0	23	0	04/01/2009	04/03/2009	2	23	0	11.5
20000	Marijn	22	19	0	0	0	0	08/23/2009	06/17/2011	663	22	19	0.033182503770739065
5926	c2r	0	0	0	0	22	0	02/21/2010	02/25/2010	4	22	0	5.5
119785	trekki	18	18	3	3	0	0	06/19/2010	06/19/2010	1	21	21	21
156981	tgbit	16	6	4	0	0	0	06/27/2010	06/27/2010	1	20	6	20
506256	Blauwe Fiets	16	11	4	3	0	0	08/17/2011	09/04/2011	19	20	14	1.0526315789473684
8335	UrSuS	0	0	0	0	20	0	09/29/2008	10/13/2009	379	20	0	0.052770448548812667
236926	cpreuss	19	9	1	0	0	0	09/30/2010	09/30/2010	1	20	9	20
187610	Emilien	14	2	5	1	0	0	05/02/2010	05/02/2010	1	19	3	19
329962	edred	18	16	1	1	0	0	08/07/2010	08/08/2010	2	19	17	9.5
346345	RutgerNijlunsing	18	17	0	0	0	0	09/07/2011	09/14/2011	7	18	17	2.5714285714285716
44487	leatos	17	14	1	1	0	0	06/07/2008	06/07/2008	1	18	15	18
30140	gps60	18	0	0	0	0	0	04/15/2008	04/15/2008	1	18	0	18
8943	Fopper	0	0	0	0	18	0	01/21/2008	07/11/2011	1268	18	0	0.014195583596214511
87062	KaChing_Cacher	15	15	3	3	0	0	08/18/2011	08/18/2011	1	18	18	18
39086	AlexeyS	0	0	0	0	18	0	05/19/2010	09/08/2011	477	18	0	0.03773584905660377
158761	Lennart Huizing	9	1	9	1	0	0	08/16/2009	08/16/2009	1	18	2	18
209266	ghard	18	9	0	0	0	0	12/17/2009	12/17/2009	1	18	9	18
220476	menu	11	4	7	1	0	0	01/17/2010	01/17/2010	1	18	5	18
253082	Mcke	0	0	0	0	18	1	10/31/2010	08/23/2011	297	18	1	0.06060606060606061
3059	user_3059	16	0	1	0	0	0	03/10/2008	03/10/2008	1	17	0	17
19189	whittier	8	1	9	0	0	0	11/15/2007	11/15/2007	1	17	1	17
110076	GPS-Marco	0	0	0	0	17	0	04/08/2009	12/30/2010	632	17	0	0.02689873417721519
16699	Ben Op Weg	0	0	17	0	0	0	11/11/2007	11/11/2007	1	17	0	17
31118	Lulu-Ann	13	0	4	0	0	0	07/08/2009	07/23/2009	15	17	0	1.1333333333333333
87879	src1138	14	4	3	1	0	0	03/30/2009	03/30/2009	1	17	5	17
138682	wiag	13	2	3	0	0	0	06/24/2009	06/24/2009	1	16	2	16
505199	ru-Spider	4	4	12	12	0	0	08/12/2011	08/12/2011	1	16	16	16
82165	JJI	11	1	5	0	0	0	11/27/2008	11/27/2008	1	16	1	16
144329	wgiedtj	10	4	6	0	0	0	10/31/2009	10/31/2009	1	16	4	16
63375	Divjo	0	0	0	0	16	0	12/24/2008	01/03/2009	10	16	0	1.6
37444	ijsb	0	0	5	4	11	0	11/30/2009	09/05/2011	645	16	4	0.024806201550387597
1337	OJW	9	1	7	0	0	0	07/13/2009	07/13/2009	1	16	1	16
112502	woj	10	4	6	3	0	0	06/01/2010	06/01/2010	1	16	7	16
76046	samsul	13	0	3	0	0	0	10/28/2008	10/28/2008	1	16	0	16
72700	daswaldhorn	0	0	0	0	16	0	12/18/2008	08/12/2011	967	16	0	0.016546018614270942
467436	Wimbakker	11	11	5	5	0	0	06/08/2011	06/08/2011	1	16	16	16
57971	Vithar	0	0	16	0	0	0	08/07/2008	08/07/2008	1	16	0	16
31605	hatzfeld	0	0	0	0	16	0	08/11/2008	02/28/2009	201	16	0	0.07960199004975124
448029	Volucris	9	9	6	4	0	0	05/09/2011	05/09/2011	1	15	13	15
26139	dieterdreist	1	1	0	0	14	0	07/17/2009	11/22/2010	494	15	1	0.030364372469635626
32786	Netzwolf	0	0	0	0	15	0	08/30/2008	02/28/2010	548	15	0	0.02737226277372263
8030	rduivenvoorde	14	12	1	0	0	0	05/20/2007	06/21/2007	32	15	12	0.46875
30059	itserik	0	0	0	0	15	0	11/16/2010	11/16/2010	1	15	0	15
55462	Lübeck	0	0	0	0	15	0	04/06/2009	04/26/2010	385	15	0	0.03896103896103896
2680	xylome	3	0	4	4	8	0	07/17/2009	07/14/2011	727	15	4	0.02063273727647868
78656	Walter Schlögl	15	8	0	0	0	0	02/25/2010	10/30/2010	248	15	8	0.06048387096774194
127170	Ilis	0	0	0	0	15	0	06/03/2009	11/10/2010	526	15	0	0.028517110266159697
98844	tny	15	1	0	0	0	0	02/10/2009	02/10/2009	1	15	1	15
39688	Math1985	6	6	8	7	0	0	07/30/2011	09/08/2011	40	14	13	0.35
166129	BugBuster	0	0	14	4	0	0	09/22/2009	11/17/2009	56	14	4	0.25
207745	NE2	12	9	2	2	0	0	08/06/2010	08/07/2010	1	14	11	14
12837	flschm	0	0	0	0	14	0	09/05/2008	09/05/2008	1	14	0	14
316868	LexIgnatov	0	0	0	0	14	0	09/27/2010	06/24/2011	271	14	0	0.05166051660516605
127494	chilin	0	0	0	0	14	0	12/20/2009	06/07/2010	170	14	0	0.08235294117647059
12140	Dalkvist	11	0	3	0	0	0	03/11/2009	03/11/2009	1	14	0	14
159534	Peter-almere-nl	0	0	0	0	14	0	09/08/2010	01/08/2011	122	14	0	0.11475409836065574
185687	apollinaire	8	6	6	4	0	0	11/19/2010	05/26/2011	188	14	10	0.07446808510638298
46989	Michiel Faber	4	4	2	1	8	0	12/02/2010	06/05/2011	186	14	5	0.07526881720430108
79836	Hind	0	0	0	0	14	0	05/23/2009	07/29/2011	798	14	0	0.017543859649122806
44671	Thomas1950	1	0	0	0	13	0	03/01/2009	05/31/2009	91	14	0	0.15384615384615385
93505	Nolbelt San	10	2	3	1	0	0	08/06/2009	08/11/2009	6	13	3	2.1666666666666665
174420	ikz	0	0	0	0	13	0	10/13/2009	07/04/2011	630	13	0	0.020634920634920634
131	zool	13	5	0	0	0	0	11/01/2006	06/12/2007	223	13	5	0.05829596412556054
102316	nudge	11	5	2	0	0	0	03/31/2009	03/31/2009	1	13	5	13
92274	adjuva	4	4	9	7	0	0	01/17/2010	09/02/2011	594	13	11	0.021885521885521887
103957	Simonexxx83	0	0	0	0	13	0	06/04/2009	07/13/2009	39	13	0	0.3333333333333333
290487	DTeelde	0	0	0	0	13	0	09/19/2010	06/05/2011	260	13	0	0.05
34927	flohoff	0	0	0	0	13	0	06/14/2009	07/06/2009	23	13	0	0.5652173913043478
295994	natik	0	0	0	0	13	0	06/25/2010	03/04/2011	253	13	0	0.05138339920948617
254874	michelvd	11	10	2	0	0	0	03/31/2010	03/31/2010	1	13	10	13
153031	ajoessen	0	0	0	0	13	0	03/05/2010	08/30/2011	544	13	0	0.02389705882352941
454945	hvgorp	9	7	4	3	0	0	05/15/2011	05/15/2011	1	13	10	13
76587	nbuettler	0	0	0	0	13	0	12/09/2009	12/22/2009	14	13	0	0.9285714285714286
7418	Torstiko	0	0	0	0	12	0	11/12/2008	09/04/2009	297	12	0	0.04040404040404041
260682	monxton	11	11	1	1	0	0	02/23/2011	02/23/2011	1	12	12	12
107037	ulfm	8	1	4	0	0	0	07/14/2009	07/14/2009	1	12	1	12
75381	mikh43	0	0	0	0	12	0	11/01/2008	06/06/2009	218	12	0	0.05504587155963303
57134	Arie Scheffer	0	0	0	0	12	0	08/05/2008	10/08/2010	794	12	0	0.015113350125944584
28617	Vincy	0	0	2	2	10	0	02/15/2009	02/13/2011	728	12	2	0.016483516483516484
18069	Claudius Henrichs	12	7	0	0	0	0	07/17/2010	12/19/2010	156	12	7	0.07692307692307693
17508	robx	0	0	0	0	12	2	03/12/2008	03/12/2008	1	12	2	12
297482	don-vip	10	9	2	1	0	0	06/03/2011	06/03/2011	1	12	10	12
9581	Lobelt	0	0	0	0	11	0	07/17/2009	04/20/2011	642	11	0	0.017133956386292833
14434	aartjanszen	10	5	1	0	0	0	09/19/2010	10/13/2010	24	11	5	0.4583333333333333
21264	Pobice	0	0	0	0	11	0	10/28/2009	12/15/2009	49	11	0	0.22448979591836735
184366	keesj	2	1	9	8	0	0	10/12/2009	11/23/2009	43	11	9	0.2558139534883721
110046	freietonne-db	11	8	0	0	0	0	10/05/2009	07/20/2011	653	11	8	0.016845329249617153
57652	richardbrinkman	7	7	4	0	0	0	10/02/2008	10/02/2008	1	11	7	11
11374	q_un_go	0	0	0	0	11	0	01/18/2009	03/11/2010	418	11	0	0.02631578947368421
89493	Jaap_	6	4	5	1	0	0	01/05/2009	01/05/2009	1	11	5	11
447	erik	0	0	0	0	11	0	05/10/2009	04/29/2011	720	11	0	0.015277777777777777
65083	deep125	0	0	0	0	11	0	03/01/2009	12/27/2010	666	11	0	0.016516516516516516
360762	RWvD	10	7	0	0	0	0	10/19/2010	01/29/2011	103	10	7	0.0970873786407767
229989	raarts	10	8	0	0	0	0	02/06/2010	02/07/2010	2	10	8	5
221782	mfkne	7	4	3	0	0	0	01/20/2010	01/20/2010	1	10	4	10
34368	rschwarz	0	0	0	0	10	0	06/12/2009	06/13/2009	2	10	0	5
35258	Bastiaan Naber	10	6	0	0	0	0	07/20/2010	11/11/2010	114	10	6	0.08771929824561403
15252	Hugo_H	0	0	0	0	10	1	02/08/2009	03/04/2011	755	10	1	0.013245033112582781
186583	daryl70	0	0	0	0	10	0	10/17/2009	11/10/2009	25	10	0	0.4
42033	Tbj	0	0	0	0	10	0	03/05/2009	11/18/2010	623	10	0	0.016051364365971106
2675	Eckhart Wörner	0	0	0	0	9	0	07/12/2008	07/19/2008	8	9	0	1.125
54806	_al	7	3	2	0	0	0	07/09/2009	07/09/2009	1	9	3	9
158828	rüdi	0	0	0	0	9	0	08/26/2009	06/14/2011	658	9	0	0.013677811550151976
5735	ColinMarquardt	8	0	1	0	0	0	01/23/2008	01/23/2008	1	9	0	9
59819	Fuss-im-Ohr	8	1	1	0	0	0	02/16/2010	02/18/2010	2	9	1	4.5
132640	tilt	9	0	0	0	0	0	12/27/2010	12/27/2010	1	9	0	9
5211	emvee	8	5	1	0	0	0	09/07/2010	09/19/2010	13	9	5	0.6923076923076923
90488	ger4rd	6	5	3	0	0	0	08/09/2009	08/09/2009	1	9	5	9
279144	Roscanvel	2	2	7	7	0	0	01/26/2011	01/26/2011	1	9	9	9
13957	Grillo	0	0	0	0	9	0	05/02/2009	03/14/2010	317	9	0	0.028391167192429023
24965	Ævar Arnfjörð Bjarmason	8	3	1	0	0	0	08/28/2009	12/21/2010	481	9	3	0.018711018711018712
57468	josbraaksma	2	1	7	0	0	0	08/06/2008	08/06/2008	1	9	1	9
61891	stephankn	0	0	9	9	0	0	08/24/2009	08/24/2009	1	9	9	9
261040	Itamarp	8	0	1	0	0	0	08/04/2010	08/10/2010	6	9	0	1.5
12576	shane	5	2	1	1	3	1	06/01/2010	06/07/2010	6	9	4	1.5
6269	Mueck	0	0	0	0	9	0	04/29/2010	05/03/2010	5	9	0	1.8
174950	trekkwik	9	2	0	0	0	0	09/18/2009	10/07/2009	19	9	2	0.47368421052631576
6737	HansBakker	9	1	0	0	0	0	10/15/2007	11/04/2008	387	9	1	0.023255813953488372
94353	Fips	0	0	0	0	9	0	01/23/2010	03/18/2010	54	9	0	0.16666666666666666
193583	LSunter	2	0	7	4	0	0	11/04/2009	11/04/2009	1	9	4	9
470089	pitg600	0	0	0	0	9	0	08/04/2011	09/09/2011	36	9	0	0.25
72000	Kap Horn	0	0	0	0	9	0	11/19/2008	06/14/2011	938	9	0	0.009594882729211088
27338	Rene_A	0	0	0	0	9	0	04/04/2008	08/10/2010	858	9	0	0.01048951048951049
5359	user_5359	5	3	3	3	0	0	07/30/2010	05/18/2011	292	8	6	0.0273972602739726
34828	Digy	0	0	0	0	8	0	05/26/2009	04/07/2010	317	8	0	0.025236593059936908
141203	jeggert	0	0	0	0	8	0	07/31/2009	08/02/2009	2	8	0	4
194743	Lomonossof	0	0	0	0	8	0	11/30/2009	10/05/2010	309	8	0	0.025889967637540454
51916	Max B	0	0	0	0	8	0	03/30/2009	04/04/2010	371	8	0	0.0215633423180593
470854	DLP601	6	5	2	2	0	0	06/15/2011	06/16/2011	1	8	7	8
33847	Netwave	0	0	0	0	8	0	12/13/2010	01/07/2011	25	8	0	0.32
196004	sylvester333	7	0	1	0	0	0	11/13/2009	05/24/2010	192	8	0	0.041666666666666664
32305	joep	0	0	0	0	8	0	05/15/2011	07/02/2011	49	8	0	0.16326530612244897
62804	enoxyz	0	0	8	0	0	0	08/28/2008	08/28/2008	1	8	0	8
16430	Frankas	0	0	0	0	8	0	09/21/2009	10/31/2009	41	8	0	0.1951219512195122
448252	thomie	4	4	4	4	0	0	07/07/2011	07/07/2011	1	8	8	8
296052	Remco Nabuurs	5	2	3	2	0	0	06/01/2010	06/01/2010	1	8	4	8
10752	Filip	6	0	2	0	0	0	11/04/2009	11/04/2009	1	8	0	8
8082	Pim Moerenhout	8	8	0	0	0	0	06/13/2007	06/18/2007	5	8	8	1.6
6809	TimSC	8	6	0	0	0	0	05/07/2007	09/14/2009	862	8	6	0.009280742459396751
47710	joepiedepoepie	8	6	0	0	0	0	05/26/2011	05/26/2011	1	8	6	8
211350	AnastasiaGri	6	0	1	1	0	0	12/23/2009	12/23/2009	1	7	1	7
163573	Syt	6	0	1	0	0	0	08/27/2009	08/27/2009	1	7	0	7
220433	OP13	0	0	0	0	7	0	04/22/2010	05/20/2010	29	7	0	0.2413793103448276
89041	jorchr	0	0	0	0	7	0	12/09/2009	12/20/2009	11	7	0	0.6363636363636364
483481	Vonno	7	4	0	0	0	0	07/06/2011	07/06/2011	1	7	4	7
251236	percivjr	5	0	2	0	0	0	03/24/2010	04/04/2010	11	7	0	0.6363636363636364
32413	Ees	2	0	4	0	1	0	06/25/2009	05/26/2010	336	7	0	0.020833333333333332
444791	janjongenelen	1	1	6	4	0	0	04/26/2011	04/27/2011	1	7	5	7
199455	Veling	7	1	0	0	0	0	11/19/2009	11/19/2009	1	7	1	7
170106	sanchi	0	0	7	3	0	0	01/10/2010	01/10/2010	1	7	3	7
456010	scott krevat	4	4	3	2	0	0	05/17/2011	05/17/2011	1	7	6	7
39240	Seehundeführer	0	0	0	0	7	0	02/03/2010	02/26/2010	23	7	0	0.30434782608695654
327498	HanW	0	0	0	0	7	0	08/29/2010	04/23/2011	238	7	0	0.029411764705882353
137093	Алексей	0	0	0	0	7	0	06/29/2009	07/26/2009	28	7	0	0.25
25631	Aguila	6	0	1	0	0	0	01/30/2008	01/30/2008	1	7	0	7
118082	Co Ordinaat	5	2	2	1	0	0	05/08/2009	05/10/2009	2	7	3	3.5
17427	dysteleologist	0	0	0	0	7	0	06/27/2009	06/27/2009	1	7	0	7
140650	neutron	0	0	0	0	7	0	07/02/2009	10/20/2009	111	7	0	0.06306306306306306
26726	lonvia	0	0	0	0	7	0	04/23/2009	02/13/2011	662	7	0	0.010574018126888218
483075	lyctkel	0	0	0	0	7	5	08/31/2011	09/05/2011	6	7	5	1.1666666666666667
249247	erherb	5	3	2	0	0	0	03/19/2010	03/19/2010	1	7	3	7
20863	Chemm	6	0	1	0	0	0	12/04/2007	12/04/2007	1	7	0	7
14113	Abuls	0	0	0	0	7	0	07/25/2009	11/28/2009	126	7	0	0.05555555555555555
149841	sjako	7	6	0	0	0	0	06/05/2011	06/05/2011	1	7	6	7
65148	tixuwuoz	7	3	0	0	0	0	09/01/2010	09/20/2010	20	7	3	0.35
257326	Carlo069	0	0	0	0	7	0	04/12/2010	09/21/2010	162	7	0	0.043209876543209874
13944	bass	4	0	0	0	2	0	03/26/2008	04/03/2011	1104	6	0	0.005434782608695652
44658	bmichel	6	2	0	0	0	0	07/14/2009	09/30/2009	78	6	2	0.07692307692307693
60345	Mirko Küster	0	0	1	0	5	0	10/29/2009	03/23/2010	145	6	0	0.041379310344827586
313900	Stud555	0	0	0	0	6	0	02/15/2011	05/02/2011	77	6	0	0.07792207792207792
41098	Cyclop	0	0	0	0	6	0	10/27/2008	03/03/2011	857	6	0	0.007001166861143524
253275	JanUitSneek	0	0	0	0	6	0	04/22/2010	05/12/2010	21	6	0	0.2857142857142857
161554	dcusters	6	5	0	0	0	0	07/04/2010	07/04/2010	1	6	5	6
221387	baeuchle	0	0	0	0	6	0	03/08/2010	07/23/2010	137	6	0	0.043795620437956206
14561	HarryS	6	5	0	0	0	0	05/12/2010	05/12/2010	1	6	5	6
360643	Joannie	5	4	1	0	0	0	10/19/2010	10/19/2010	1	6	4	6
60971	MacSass	6	0	0	0	0	0	05/06/2009	05/06/2009	1	6	0	6
30854	Zambelli Limitada	5	1	1	0	0	0	07/16/2009	07/16/2009	1	6	1	6
307072	bouman	6	2	0	0	0	0	06/20/2010	06/20/2010	1	6	2	6
210544	jmvl	0	0	0	0	6	0	01/11/2010	03/06/2010	54	6	0	0.1111111111111111
75217	aMuTeX	0	0	0	0	6	0	04/02/2009	02/15/2011	685	6	0	0.008759124087591242
253912	bogenfreund	6	3	0	0	0	0	09/10/2010	09/10/2010	1	6	3	6
57387	WOOO	4	2	2	2	0	0	04/09/2010	04/25/2010	17	6	4	0.35294117647058826
95702	Balgofil	0	0	6	6	0	0	07/30/2011	07/30/2011	1	6	6	6
385716	Juice10	4	2	2	0	0	0	12/19/2010	12/19/2010	1	6	2	6
13445	zorque	0	0	0	0	6	0	05/20/2009	07/11/2009	53	6	0	0.11320754716981132
94786	glebius	0	0	0	0	6	0	04/22/2009	02/09/2011	658	6	0	0.00911854103343465
47595	LeonO	1	0	5	0	0	0	06/25/2008	09/28/2009	461	6	0	0.013015184381778741
9836	jeroen020	5	0	1	0	0	0	07/06/2007	07/06/2007	1	6	0	6
211063	michel60	0	0	0	0	6	0	12/24/2009	03/31/2010	98	6	0	0.061224489795918366
61954	pierlux	5	2	1	0	0	0	07/14/2009	07/14/2009	1	6	2	6
197627	triggerfish	1	0	5	0	0	0	02/15/2010	03/25/2010	39	6	0	0.15384615384615385
411621	grathemermolen	0	0	0	0	6	0	02/25/2011	03/07/2011	10	6	0	0.6
24920	Schusch	0	0	0	0	6	0	07/20/2008	01/06/2009	171	6	0	0.03508771929824561
5079	friedel_hn	5	1	1	1	0	0	07/14/2009	07/14/2009	1	6	2	6
186546	Corrio	4	0	2	0	0	0	10/16/2009	10/17/2009	1	6	0	6
41822	Eric K	2	0	4	0	0	0	07/19/2009	07/19/2009	1	6	0	6
60769	Oksion	0	0	0	0	5	0	04/13/2010	03/05/2011	327	5	0	0.01529051987767584
497456	altrevolte	4	4	1	1	0	0	07/30/2011	07/30/2011	1	5	5	5
104779	ABRob	0	0	0	0	5	0	09/12/2010	07/09/2011	301	5	0	0.016611295681063124
115477	wowik	0	0	0	0	5	0	02/16/2010	05/05/2011	444	5	0	0.01126126126126126
864	Niccolo	0	0	0	0	5	0	05/13/2009	09/06/2010	481	5	0	0.010395010395010396
106359	Suomi	4	0	1	0	0	0	03/17/2009	03/17/2009	1	5	0	5
70202	physiocrat	0	0	0	0	5	0	01/18/2010	04/21/2010	94	5	0	0.05319148936170213
1185	dankarran	5	1	0	0	0	0	11/14/2009	11/14/2009	1	5	1	5
55521	Ebbe73	0	0	0	0	5	0	03/14/2010	03/15/2010	2	5	0	2.5
90689	HansJ	5	5	0	0	0	0	08/28/2011	08/28/2011	1	5	5	5
16319	ipodolsk	0	0	0	0	5	0	05/14/2011	06/19/2011	37	5	0	0.13513513513513514
4388	hakan	0	0	0	0	5	0	04/18/2008	04/18/2008	1	5	0	5
1204	cp15	0	0	0	0	5	0	08/26/2009	08/26/2009	1	5	0	5
156335	mapraev	0	0	0	0	5	0	08/12/2009	08/13/2009	2	5	0	2.5
144892	plantagenet	5	4	0	0	0	0	04/01/2010	04/01/2010	1	5	4	5
9882	cate	0	0	0	0	5	0	08/18/2010	09/27/2010	40	5	0	0.125
25853	Freddi	0	0	0	0	5	0	06/16/2009	05/20/2011	704	5	0	0.007102272727272727
28054	Ed Kapitein	5	0	0	0	0	0	02/22/2008	02/24/2008	2	5	0	2.5
10613	ivom	1	0	1	1	3	0	08/06/2009	05/29/2010	296	5	1	0.016891891891891893
10075	robtiggelman	4	1	1	0	0	0	07/08/2007	07/08/2007	1	5	1	5
150589	Lumen24	0	0	0	0	5	0	07/28/2009	07/28/2009	1	5	0	5
61588	richlv2	0	0	0	0	5	0	10/19/2008	10/19/2008	1	5	0	5
39381	DD1GJ	0	0	0	0	5	0	08/04/2008	12/12/2010	860	5	0	0.005813953488372093
61341	Bürste	0	0	0	0	5	0	05/04/2009	09/11/2009	130	5	0	0.038461538461538464
279457	Piddi	1	1	4	2	0	0	08/27/2010	08/27/2010	1	5	3	5
20587	balrog-kun	0	0	0	0	5	4	08/28/2009	09/18/2009	21	5	4	0.23809523809523808
125299	nitrix	0	0	0	0	5	0	08/24/2009	10/23/2010	426	5	0	0.011737089201877934
197352	Oscar Koeroo	4	1	1	0	0	0	11/15/2009	11/16/2009	1	5	1	5
58095	BudBundi	0	0	0	0	5	0	02/27/2009	05/04/2010	431	5	0	0.01160092807424594
37607	jcdekoning	2	1	3	0	0	0	05/14/2008	05/14/2008	1	5	1	5
292369	fiabo	5	4	0	0	0	0	05/25/2010	05/25/2010	1	5	4	5
47888	Gwilbor	0	0	0	0	5	0	12/23/2009	02/25/2010	64	5	0	0.078125
16587	a1e	0	0	0	0	5	0	04/11/2009	04/13/2009	2	5	0	2.5
151304	dac	0	0	0	0	5	0	10/16/2009	10/23/2010	373	5	0	0.013404825737265416
395228	Antisida	0	0	0	0	5	0	03/02/2011	09/04/2011	187	5	0	0.026737967914438502
197207	Bram van der Sar	4	4	1	1	0	0	09/01/2010	09/01/2010	1	5	5	5
404135	erol999	4	1	0	0	0	0	02/04/2011	02/04/2011	1	4	1	4
293774	Oli-Wan	1	0	0	0	3	0	06/20/2010	03/24/2011	277	4	0	0.01444043321299639
99328	wnX08hgh2TJ	0	0	0	0	4	0	02/13/2009	02/13/2009	1	4	0	4
30590	KekcuHa	0	0	0	0	4	0	05/27/2009	07/03/2009	38	4	0	0.10526315789473684
220591	kilex	0	0	0	0	4	0	01/19/2010	06/22/2010	154	4	0	0.025974025974025976
20622	Sebastian Reichel	0	0	0	0	4	0	02/24/2009	03/13/2011	748	4	0	0.0053475935828877
8324	theun	1	1	0	0	3	0	09/30/2009	08/22/2010	327	4	1	0.012232415902140673
33377	Victor LP	4	0	0	0	0	0	08/13/2009	08/13/2009	1	4	0	4
51045	Geogast	0	0	0	0	4	1	04/29/2009	09/13/2011	867	4	1	0.00461361014994233
36731	Nagi	3	0	1	0	0	0	04/22/2009	04/22/2009	1	4	0	4
162148	spatialist	0	0	0	0	4	0	08/15/2010	08/15/2010	1	4	0	4
75471	mapoholic	0	0	0	0	4	0	10/26/2008	10/26/2008	1	4	0	4
93285	skela	0	0	0	0	4	0	09/17/2009	10/23/2009	36	4	0	0.1111111111111111
21404	David Jaco	4	1	0	0	0	0	12/10/2007	01/10/2008	31	4	1	0.12903225806451613
426459	spiet	4	1	0	0	0	0	03/23/2011	03/27/2011	4	4	1	1
246089	veertien	2	2	2	0	0	0	03/13/2010	03/13/2010	1	4	2	4
106847	nixgut	0	0	4	3	0	0	08/24/2009	08/24/2009	1	4	3	4
43972	chris66	0	0	0	0	4	0	10/28/2010	11/14/2010	18	4	0	0.2222222222222222
189273	zaatlob	0	0	4	0	0	0	02/28/2011	04/04/2011	36	4	0	0.1111111111111111
53261	Fidgit	2	0	2	0	0	0	01/12/2009	01/12/2009	1	4	0	4
10345	Mormegil	0	0	0	0	4	0	09/05/2009	10/18/2009	43	4	0	0.09302325581395349
88448	Ted Pottage	0	0	0	0	4	0	05/10/2011	05/12/2011	3	4	0	1.3333333333333333
47926	HvW	0	0	0	0	4	0	06/01/2009	06/01/2009	1	4	0	4
128534	greencaps	0	0	0	0	4	0	12/12/2009	08/30/2010	261	4	0	0.01532567049808429
4049	randomjunk	4	3	0	0	0	0	07/14/2009	07/14/2009	1	4	3	4
84681	SK53	0	0	0	0	4	0	10/20/2009	10/20/2009	1	4	0	4
65340	nis2082	4	0	0	0	0	0	09/03/2008	09/03/2008	1	4	0	4
170596	Mason11987	0	0	0	0	4	0	09/11/2009	09/11/2009	1	4	0	4
14078	fröstel	0	0	0	0	4	0	03/21/2008	03/30/2009	375	4	0	0.010666666666666666
177165	Ant70	0	0	0	0	4	0	09/24/2009	10/09/2009	16	4	0	0.25
278068	wieke	0	0	0	0	4	0	05/05/2010	05/09/2010	5	4	0	0.8
32621	TEL0000	0	0	0	0	4	0	08/09/2008	08/09/2008	1	4	0	4
4559	RichardB	0	0	0	0	4	0	11/03/2008	05/04/2009	182	4	0	0.02197802197802198
179033	Radeln	0	0	0	0	4	0	10/09/2010	03/11/2011	153	4	0	0.026143790849673203
380954	Sanek1984	0	0	0	0	4	0	12/22/2010	03/16/2011	84	4	0	0.047619047619047616
88462	Velella	0	0	0	0	4	0	06/03/2009	09/28/2009	118	4	0	0.03389830508474576
45460	steijn	0	0	0	0	4	0	03/08/2009	03/08/2009	1	4	0	4
118033	hagenaah	2	0	2	0	0	0	07/11/2009	07/11/2009	1	4	0	4
26825	Warofdreams	0	0	0	0	4	0	04/03/2009	01/21/2010	293	4	0	0.013651877133105802
83557	Esperanza36	0	0	0	0	4	0	02/19/2009	02/19/2009	1	4	0	4
3234	Jon Burgess	0	0	3	0	1	0	09/30/2007	11/13/2007	45	4	0	0.08888888888888889
130472	fx99	0	0	0	0	4	0	01/30/2010	03/20/2010	50	4	0	0.08
59477	daan	3	2	1	1	0	0	07/21/2010	08/04/2010	14	4	3	0.2857142857142857
127420	Charles	4	2	0	0	0	0	05/22/2009	05/22/2009	1	4	2	4
128098	Nikolaich	0	0	0	0	4	0	06/19/2010	06/30/2010	11	4	0	0.36363636363636365
127606	loir	0	0	0	0	4	0	11/29/2010	09/13/2011	289	4	0	0.01384083044982699
108666	b10m	4	0	0	0	0	0	03/19/2009	03/20/2009	1	4	0	4
36870	Erik Lundin	0	0	0	0	4	0	06/21/2009	05/16/2010	330	4	0	0.012121212121212121
37548	Marcussacapuces91	0	0	0	0	4	1	01/13/2011	09/11/2011	241	4	1	0.016597510373443983
39762	dartial	0	0	0	0	4	0	02/18/2009	02/18/2009	1	4	0	4
103464	al-yazdi	0	0	0	0	4	0	05/28/2009	04/06/2011	678	4	0	0.0058997050147492625
10475	riad	4	1	0	0	0	0	07/13/2009	07/13/2009	1	4	1	4
152289	cgu66	3	3	1	1	0	0	10/01/2009	04/07/2011	554	4	4	0.007220216606498195
230707	stanton	0	0	0	0	4	0	04/06/2010	08/15/2011	497	4	0	0.008048289738430584
57645	KartoGrapHiti	0	0	0	0	4	0	03/10/2009	12/27/2010	658	4	0	0.0060790273556231
999	mikelmaron	4	3	0	0	0	0	05/27/2006	07/06/2009	1137	4	3	0.003518029903254178
11519	PaulW	3	0	0	0	1	0	09/11/2008	09/21/2008	10	4	0	0.4
48441	Luciano B	0	0	0	0	4	0	09/14/2009	05/18/2010	246	4	0	0.016260162601626018
29974	iuvenalis	3	0	1	0	0	0	03/07/2008	03/07/2008	1	4	0	4
18068	AltijdVerdwaald	0	0	0	0	4	0	07/15/2009	08/01/2010	383	4	0	0.010443864229765013
107257	FrViPofm	1	1	0	0	3	0	11/01/2009	06/10/2010	222	4	1	0.018018018018018018
145231	woodpeck_repair	0	0	0	0	3	1	12/09/2010	03/11/2011	93	3	1	0.03225806451612903
15578	Stevie D	0	0	0	0	3	0	12/25/2008	12/25/2008	1	3	0	3
145146	beunch	0	0	0	0	3	0	09/02/2009	11/15/2009	74	3	0	0.04054054054054054
183450	cypriend	3	1	0	0	0	0	12/11/2010	12/14/2010	3	3	1	1
189598	zdforum	0	0	0	0	3	0	10/24/2009	12/14/2010	417	3	0	0.007194244604316547
73195	Niels Leenheer	0	0	0	0	3	0	05/19/2009	06/01/2009	13	3	0	0.23076923076923078
27070	Maurits	3	1	0	0	0	0	02/11/2008	02/11/2008	1	3	1	3
104270	eribog	0	0	0	0	3	0	04/12/2011	09/07/2011	149	3	0	0.020134228187919462
18496	Matthijs van Heerikhuize	3	0	0	0	0	0	11/08/2007	11/08/2007	1	3	0	3
55988	Masch	0	0	0	0	3	0	09/16/2008	06/17/2009	274	3	0	0.010948905109489052
449017	bes_internal	3	3	0	0	0	0	08/04/2011	08/04/2011	1	3	3	3
96304	And Ag	0	0	0	0	3	0	10/02/2009	10/18/2009	17	3	0	0.17647058823529413
1186	NicRoets	2	0	1	0	0	0	07/29/2009	07/29/2009	1	3	0	3
52154	zgremlin	0	0	0	0	3	0	06/10/2009	01/11/2010	215	3	0	0.013953488372093023
491891	Renes	0	0	3	0	0	0	07/20/2011	07/20/2011	1	3	0	3
13436	hkucharek	1	1	2	2	0	0	11/13/2010	11/13/2010	1	3	3	3
253474	Donderlust	3	1	0	0	0	0	03/29/2010	03/31/2010	3	3	1	1
308901	MrFrem82	0	0	0	0	3	0	09/02/2010	09/06/2010	5	3	0	0.6
222237	Monitor	0	0	0	0	3	0	05/04/2011	07/26/2011	84	3	0	0.03571428571428571
441370	jschaasberg	2	0	1	0	0	0	04/25/2011	04/25/2011	1	3	0	3
280947	ruszrzd	0	0	0	0	3	0	05/05/2010	05/05/2010	1	3	0	3
202699	Splodge	0	0	0	0	3	0	12/05/2009	12/05/2009	1	3	0	3
28378	PHerison	0	0	0	0	3	0	12/20/2008	02/18/2009	61	3	0	0.04918032786885246
136694	Erik@Zevenhuizen	0	0	0	0	3	0	02/16/2011	09/01/2011	197	3	0	0.015228426395939087
6923	benbono	1	0	0	0	2	0	01/29/2008	02/01/2008	3	3	0	1
328379	rolfkleef	2	1	1	1	0	0	08/07/2010	12/17/2010	133	3	2	0.022556390977443608
161619	FvGordon	0	0	0	0	3	0	04/17/2010	08/21/2011	492	3	0	0.006097560975609756
93475	F1rst_Timer	0	0	0	0	3	0	02/09/2009	02/09/2009	1	3	0	3
50321	rrr	3	2	0	0	0	0	07/27/2009	10/14/2009	80	3	2	0.0375
52602	falcius	0	0	0	0	3	0	04/30/2009	04/30/2009	1	3	0	3
148025	mvrban	0	0	0	0	3	0	11/16/2009	06/11/2010	207	3	0	0.014492753623188406
164418	Rienk	0	0	0	0	3	0	10/15/2009	12/16/2009	63	3	0	0.047619047619047616
36212	jlw	1	0	2	0	0	0	04/27/2008	04/27/2008	1	3	0	3
381178	qwerter	0	0	0	0	3	1	06/23/2011	09/17/2011	86	3	1	0.03488372093023256
10019	Xaa	0	0	3	0	0	0	09/21/2007	09/21/2007	1	3	0	3
209191	Basilmap	0	0	0	0	3	0	12/03/2010	12/11/2010	9	3	0	0.3333333333333333
317379	Hjvfy	0	0	0	0	3	0	11/05/2010	11/25/2010	20	3	0	0.15
56631	LarsF	0	0	0	0	3	0	11/12/2008	11/12/2008	1	3	0	3
204176	Eneboer	0	0	3	3	0	0	12/02/2009	12/02/2009	1	3	3	3
105255	Sven L	3	2	0	0	0	0	03/27/2011	03/27/2011	1	3	2	3
467585	gpstrack1506	0	0	0	0	3	0	06/26/2011	07/12/2011	16	3	0	0.1875
59345	extropy	0	0	0	0	3	0	02/21/2010	03/14/2010	21	3	0	0.14285714285714285
56410	andis_project	0	0	0	0	3	0	05/15/2009	09/20/2010	493	3	0	0.006085192697768763
16478	Raymond	0	0	0	0	3	0	12/20/2008	05/14/2010	510	3	0	0.0058823529411764705
51062	el-micha	0	0	0	0	3	0	08/25/2008	09/08/2008	15	3	0	0.2
110461	MAcher	0	0	0	0	3	0	01/22/2011	03/25/2011	63	3	0	0.047619047619047616
155902	jodejo	0	0	0	0	3	0	08/14/2010	08/14/2010	1	3	0	3
64588	robos	3	1	0	0	0	0	01/02/2010	01/02/2010	1	3	1	3
503358	Whimself	0	0	0	0	3	2	08/09/2011	08/09/2011	1	3	2	3
179606	vandevliert	3	0	0	0	0	0	09/29/2009	09/29/2009	1	3	0	3
729	rjmunro	0	0	3	1	0	0	10/29/2008	10/29/2008	1	3	1	3
5862	sturmflut	3	1	0	0	0	0	08/24/2009	08/24/2009	1	3	1	3
36178	janw	3	0	0	0	0	0	09/09/2008	09/09/2008	1	3	0	3
190711	Zulu	3	1	0	0	0	0	05/23/2011	07/19/2011	58	3	1	0.05172413793103448
376084	Sedan128	0	0	0	0	3	0	02/05/2011	02/05/2011	1	3	0	3
493472	DrJohnM	0	0	3	3	0	0	08/17/2011	08/17/2011	1	3	3	3
72235	Basstoelpel	0	0	1	1	2	0	01/08/2011	04/30/2011	112	3	1	0.026785714285714284
3560	Firefishy	2	2	1	0	0	0	03/29/2009	09/18/2009	173	3	2	0.017341040462427744
149719	Bloodmage	0	0	0	0	3	0	07/11/2010	04/16/2011	279	3	0	0.010752688172043012
246966	Buergmann	0	0	0	0	3	0	05/12/2010	05/26/2010	15	3	0	0.2
85426	CaptainMap	0	0	0	0	3	0	02/03/2009	02/09/2009	6	3	0	0.5
5164	woodpeck	0	0	1	1	2	2	08/03/2008	07/02/2011	1063	3	3	0.0028222013170272815
18522	jerom	0	0	3	0	0	0	05/30/2009	05/30/2009	1	3	0	3
6669	Elwood	0	0	0	0	3	0	02/26/2010	05/01/2010	65	3	0	0.046153846153846156
66240	puetti	0	0	0	0	3	0	12/04/2010	12/12/2010	8	3	0	0.375
20566	kresp0	3	0	0	0	0	0	12/02/2007	12/02/2007	1	3	0	3
330861	Daemon-FF	0	0	0	0	3	0	08/27/2010	09/07/2010	12	3	0	0.25
202858	kellerma	1	0	2	2	0	0	02/23/2011	04/04/2011	41	3	2	0.07317073170731707
217346	Shatics	0	0	0	0	3	0	01/22/2010	01/22/2010	1	3	0	3
269466	vfjj	0	0	0	0	3	0	03/20/2011	03/20/2011	1	3	0	3
205175	roscolosco	0	0	0	0	3	0	01/26/2011	03/10/2011	44	3	0	0.06818181818181818
248906	schneebaer	0	0	0	0	3	0	03/18/2010	03/19/2010	1	3	0	3
460298	Margaretcompl	2	1	1	1	0	0	05/25/2011	05/25/2011	1	3	2	3
417622	T-101	0	0	0	0	3	0	03/23/2011	03/23/2011	1	3	0	3
28556	cycleP	0	0	0	0	3	0	08/28/2008	08/31/2008	3	3	0	1
189624	RonGps	1	1	0	0	2	0	08/25/2010	08/30/2010	6	3	1	0.5
11132	liosha	0	0	0	0	3	0	09/05/2009	09/05/2009	1	3	0	3
5632	matt_gnu	0	0	0	0	3	0	12/04/2009	12/03/2010	364	3	0	0.008241758241758242
17422	meppen7	0	0	0	0	3	0	01/25/2010	01/25/2010	1	3	0	3
232312	ike88	0	0	3	1	0	0	05/05/2010	05/05/2010	1	3	1	3
172947	OSMicha	0	0	0	0	3	0	05/14/2010	05/14/2010	1	3	0	3
57206	Magnus Bäck	0	0	0	0	3	0	03/07/2010	03/13/2010	7	3	0	0.42857142857142855
81244	rurseekatze	0	0	0	0	3	0	05/16/2010	09/09/2011	482	3	0	0.006224066390041493
60744	motlib	0	0	1	0	1	0	08/25/2009	05/08/2010	256	2	0	0.0078125
368594	ezelhaar	2	0	0	0	0	0	11/08/2010	11/08/2010	1	2	0	2
183436	mtb	0	0	0	0	2	0	08/28/2010	09/23/2010	26	2	0	0.07692307692307693
9942	bz2	0	0	0	0	2	0	12/02/2010	12/02/2010	1	2	0	2
10230	kjnpbr	0	0	0	0	2	0	03/02/2009	03/02/2009	1	2	0	2
128160	sebastiaan	0	0	2	0	0	0	05/27/2009	05/27/2009	1	2	0	2
172364	skajline	2	1	0	0	0	0	09/14/2009	09/14/2009	1	2	1	2
367475	vukan	0	0	0	0	2	0	11/05/2010	11/06/2010	2	2	0	1
8732	xylome2	1	0	0	0	1	0	10/24/2008	12/11/2008	49	2	0	0.04081632653061224
64408	cupofcoffee	0	0	0	0	2	0	04/11/2010	04/11/2010	1	2	0	2
414565	dfcz55	0	0	0	0	2	0	03/20/2011	03/23/2011	3	2	0	0.6666666666666666
97011	VWkever	0	0	0	0	2	0	04/06/2009	07/27/2009	112	2	0	0.017857142857142856
70012	Jinx71	0	0	0	0	2	0	01/17/2009	01/24/2010	373	2	0	0.005361930294906166
347929	hint	0	0	0	0	2	1	07/10/2011	08/26/2011	48	2	1	0.041666666666666664
10142	JasperM	2	0	0	0	0	0	07/10/2007	07/10/2007	1	2	0	2
104912	Sir Lancelot	0	0	0	0	2	0	09/30/2009	10/20/2010	385	2	0	0.005194805194805195
114316	Blink2	1	0	1	0	0	0	04/07/2009	04/07/2009	1	2	0	2
313707	Brent Jilk	0	0	0	0	2	0	08/15/2010	08/15/2010	1	2	0	2
91056	Yarl	0	0	0	0	2	0	05/06/2010	05/24/2010	18	2	0	0.1111111111111111
346838	brunnen	0	0	0	0	2	0	03/01/2011	03/01/2011	1	2	0	2
149892	HACKimAbey	2	0	0	0	0	0	09/02/2009	09/02/2009	1	2	0	2
52915	Dwi Secundus	0	0	0	0	2	0	09/18/2008	03/03/2009	166	2	0	0.012048192771084338
12494	Aleksandr Dezhin	0	0	0	0	2	0	07/07/2009	01/02/2010	180	2	0	0.011111111111111112
247193	yjq88d	0	0	0	0	2	0	05/19/2010	05/19/2010	1	2	0	2
402477	Eelceau	2	1	0	0	0	0	03/10/2011	03/10/2011	1	2	1	2
194647	BertTijhuis	0	0	0	0	2	0	10/28/2010	10/28/2010	1	2	0	2
209183	FLO	2	1	0	0	0	0	12/16/2009	12/16/2009	1	2	1	2
102554	Jezevec	0	0	0	0	2	0	11/17/2009	07/10/2010	235	2	0	0.00851063829787234
189297	Tessa123	0	0	0	0	2	0	12/09/2009	12/16/2009	7	2	0	0.2857142857142857
58410	tlacuilo	0	0	0	0	2	0	06/21/2009	06/21/2009	1	2	0	2
43566	anbr	0	0	0	0	2	0	08/18/2010	11/14/2010	89	2	0	0.02247191011235955
51757	kolibri	0	0	0	0	2	0	08/07/2008	09/26/2008	50	2	0	0.04
11461	rulli	2	0	0	0	0	0	10/27/2007	10/27/2007	1	2	0	2
73554	e_j_h_polle	0	0	0	0	2	0	06/15/2011	06/27/2011	13	2	0	0.15384615384615385
96069	theophrastos	0	0	1	0	1	0	12/14/2009	11/20/2010	341	2	0	0.005865102639296188
100952	elmarburke	0	0	0	0	2	0	09/01/2010	09/01/2010	1	2	0	2
7596	ck3d	0	0	0	0	2	0	06/13/2010	06/13/2010	1	2	0	2
137	simone	2	0	0	0	0	0	07/08/2009	07/08/2009	1	2	0	2
411078	Degtiarev	0	0	0	0	2	0	02/19/2011	08/22/2011	185	2	0	0.010810810810810811
245942	Ozab	0	0	0	0	2	0	01/12/2011	01/12/2011	1	2	0	2
6390	grenzdebil_bonn	0	0	0	0	2	0	07/14/2009	07/14/2009	1	2	0	2
53803	ababy	0	0	0	0	2	0	12/29/2008	12/29/2008	1	2	0	2
451419	michelvdriet	0	0	0	0	2	0	05/08/2011	05/08/2011	1	2	0	2
63107	brogo	0	0	0	0	2	0	04/28/2010	05/13/2010	15	2	0	0.13333333333333333
29084	stoecker	0	0	1	0	1	0	09/12/2008	06/16/2010	643	2	0	0.003110419906687403
7811	wunni	0	0	0	0	2	0	07/31/2008	07/31/2008	1	2	0	2
76269	Snusmumriken	2	1	0	0	0	0	09/13/2009	11/07/2010	421	2	1	0.004750593824228029
124434	edwtie	0	0	0	0	2	0	11/20/2010	11/20/2010	1	2	0	2
234674	mjstuur	0	0	0	0	2	0	02/18/2010	02/18/2010	1	2	0	2
238405	jakob5000	2	0	0	0	0	0	02/26/2010	02/26/2010	1	2	0	2
8296	kuede	0	0	0	0	2	0	08/31/2010	04/21/2011	234	2	0	0.008547008547008548
53911	florianheer	0	0	0	0	2	0	08/16/2008	09/02/2008	17	2	0	0.11764705882352941
177941	WOSI	2	1	0	0	0	0	09/25/2009	09/25/2009	1	2	1	2
5265	ivansanchez	2	0	0	0	0	0	04/23/2009	07/12/2009	81	2	0	0.024691358024691357
308490	JohnGeorge	0	0	0	0	2	0	06/23/2010	06/23/2010	1	2	0	2
150579	White-Elephant	0	0	0	0	2	0	11/22/2009	06/05/2010	195	2	0	0.010256410256410256
61319	Zarmac	0	0	2	0	0	0	07/02/2009	07/02/2009	1	2	0	2
246	moyogo	0	0	0	0	2	0	09/07/2009	09/21/2009	14	2	0	0.14285714285714285
53175	Luccass	0	0	0	0	2	0	06/27/2009	07/16/2009	19	2	0	0.10526315789473684
252902	ArnoldJonk	2	0	0	0	0	0	03/27/2010	03/27/2010	1	2	0	2
187583	Zetep	0	0	0	0	2	0	07/25/2010	07/25/2010	1	2	0	2
72151	GeorgFausB	0	0	0	0	2	0	02/02/2010	02/03/2010	2	2	0	1
117689	foxandpotatoes	0	0	0	0	2	0	02/28/2011	03/13/2011	13	2	0	0.15384615384615385
45243	odna	0	0	0	0	2	0	06/23/2011	06/23/2011	1	2	0	2
299932	iddqd	0	0	0	0	2	0	06/06/2010	06/06/2010	1	2	0	2
202660	ams1234	2	1	0	0	0	0	11/28/2009	11/28/2009	1	2	1	2
510099	AGee	0	0	2	2	0	0	08/25/2011	09/15/2011	22	2	2	0.09090909090909091
17286	Pieren	0	0	0	0	2	0	11/28/2009	12/09/2009	11	2	0	0.18181818181818182
91225	tms13	0	0	0	0	2	0	04/30/2010	04/30/2010	1	2	0	2
26348	Rodolphe Quiédeville	2	1	0	0	0	0	10/11/2010	10/19/2010	8	2	1	0.25
81170	Beteille	0	0	0	0	2	0	04/08/2009	04/08/2009	1	2	0	2
178186	mdk	0	0	0	0	2	0	12/06/2009	12/08/2009	2	2	0	1
73722	elpbatista	1	1	1	0	0	0	05/28/2009	05/28/2009	1	2	1	2
90262	ClickKlack	0	0	0	0	2	0	01/09/2010	01/10/2010	2	2	0	1
74617	JohnSmith	2	0	0	0	0	0	07/28/2010	07/30/2010	2	2	0	1
140521	Fortress	0	0	0	0	2	0	01/11/2010	04/10/2010	90	2	0	0.022222222222222223
187563	Owin_wan_kenobi	2	1	0	0	0	0	06/07/2011	06/07/2011	1	2	1	2
17497	katpatuka	0	0	0	0	2	0	09/25/2009	09/25/2009	1	2	0	2
41362	Eriks Zelenka	0	0	0	0	2	0	11/07/2009	11/08/2009	1	2	0	2
322818	RenO	0	0	2	2	0	0	08/04/2010	08/04/2010	1	2	2	2
409763	const_st	0	0	0	0	2	0	05/10/2011	05/28/2011	19	2	0	0.10526315789473684
42220	longsch	0	0	0	0	2	0	09/05/2009	03/04/2010	181	2	0	0.011049723756906077
53559	Miple	0	0	0	0	2	0	04/27/2010	05/05/2010	8	2	0	0.25
6484	seufer_wolle	1	0	1	0	0	0	07/11/2009	07/11/2009	1	2	0	2
517765	VirWayer	0	0	0	0	2	0	09/08/2011	09/15/2011	8	2	0	0.25
38935	Roebuck	0	0	0	0	2	0	08/10/2008	03/15/2009	218	2	0	0.009174311926605505
79528	Eberth	0	0	0	0	2	0	02/08/2009	02/08/2009	1	2	0	2
151374	Sembola	0	0	0	0	2	0	12/24/2009	12/01/2010	343	2	0	0.0058309037900874635
193855	zss	0	0	0	0	2	0	08/24/2010	08/25/2011	367	2	0	0.005449591280653951
223558	tonkow1993	0	0	0	0	2	0	01/24/2010	01/25/2010	1	2	0	2
135254	Tobi-rr	0	0	0	0	2	0	08/20/2009	09/08/2009	20	2	0	0.1
118185	albertux	0	0	0	0	2	0	08/11/2009	08/23/2009	13	2	0	0.15384615384615385
68535	DennisP	0	0	0	0	2	0	11/29/2008	11/29/2008	1	2	0	2
204843	IPOQI	2	0	0	0	0	0	12/04/2009	12/04/2009	1	2	0	2
136008	Gandhi	0	0	0	0	2	0	12/02/2010	12/02/2010	1	2	0	2
51266	quini	0	0	0	0	2	0	07/29/2009	07/29/2009	1	2	0	2
6045	remco	1	1	1	1	0	0	10/07/2007	10/07/2007	1	2	2	2
399713	cptjack	2	1	0	0	0	0	02/08/2011	02/24/2011	17	2	1	0.11764705882352941
6624	Gints	0	0	0	0	2	0	07/15/2009	07/15/2009	1	2	0	2
308	MichaelCollinson	2	1	0	0	0	0	11/05/2008	07/15/2009	252	2	1	0.007936507936507936
148127	Thomas73	0	0	0	0	2	0	12/07/2009	12/07/2009	1	2	0	2
130323	danme	0	0	0	0	2	0	07/04/2009	09/27/2009	85	2	0	0.023529411764705882
42618	m0ep	0	0	0	0	2	0	03/07/2009	05/28/2009	82	2	0	0.024390243902439025
119733	PostFix	0	0	0	0	2	0	05/08/2009	05/23/2009	16	2	0	0.125
7010	GarryX3D	0	0	0	0	2	1	05/26/2011	09/14/2011	112	2	1	0.017857142857142856
139087	premarnava	2	1	0	0	0	0	06/26/2009	06/26/2009	1	2	1	2
467857	ma5ter	0	0	0	0	2	0	06/19/2011	07/01/2011	12	2	0	0.16666666666666666
11776	Marcus Wolschon	0	0	0	0	2	0	08/02/2008	09/29/2009	424	2	0	0.0047169811320754715
89943	Bengatzer	0	0	0	0	2	0	05/04/2009	05/04/2009	1	2	0	2
242371	le_bistrot	0	0	0	0	2	0	08/13/2011	08/14/2011	2	2	0	1
61493	Mapinator	0	0	0	0	2	0	07/24/2011	07/24/2011	1	2	0	2
23932	Wouter Tebbens	2	0	0	0	0	0	01/11/2008	01/11/2008	1	2	0	2
207656	Youry	2	2	0	0	0	0	12/12/2009	12/12/2009	1	2	2	2
69625	Eugene120	0	0	0	0	2	0	09/06/2009	05/19/2010	256	2	0	0.0078125
194423	Ser V	0	0	0	0	2	0	12/24/2009	12/24/2009	1	2	0	2
308642	Zykure	0	0	0	0	2	0	10/22/2010	11/02/2010	12	2	0	0.16666666666666666
9593	pebe	0	0	0	0	2	0	07/22/2008	08/01/2008	11	2	0	0.18181818181818182
249576	oom	0	0	0	0	2	0	01/23/2011	06/19/2011	147	2	0	0.013605442176870748
164096	osm_contrib	0	0	0	0	2	0	10/06/2009	12/18/2009	74	2	0	0.02702702702702703
389774	rdevre	2	0	0	0	0	0	12/30/2010	12/30/2010	1	2	0	2
35638	ddixon	0	0	0	0	2	0	12/29/2008	06/11/2009	164	2	0	0.012195121951219513
235800	uber	0	0	2	0	0	0	02/20/2010	02/20/2010	1	2	0	2
126019	Jarrattp	2	0	0	0	0	0	11/21/2009	11/21/2009	1	2	0	2
61005	nkbre	0	0	0	0	2	0	01/11/2009	01/11/2009	1	2	0	2
146210	ccdd	0	0	0	0	2	0	08/28/2009	08/28/2009	1	2	0	2
7045	Xuacu	1	1	0	0	1	0	04/06/2011	04/06/2011	1	2	1	2
372928	Ruan007	2	0	0	0	0	0	11/19/2010	11/19/2010	1	2	0	2
64578	Serpens	2	2	0	0	0	0	01/03/2010	01/03/2010	1	2	2	2
164649	Carnager	1	0	1	0	0	0	08/28/2009	08/28/2009	1	2	0	2
118623	hknk1	0	0	0	0	2	0	06/11/2010	02/13/2011	247	2	0	0.008097165991902834
21197	DePolaf	0	0	2	0	0	0	12/07/2007	12/07/2007	1	2	0	2
133332	AMDmi3	0	0	0	0	2	0	09/26/2010	10/29/2010	34	2	0	0.058823529411764705
490974	Ruud444	0	0	0	0	2	0	07/17/2011	07/17/2011	1	2	0	2
12827	garmini	0	0	0	0	2	0	08/26/2008	08/26/2008	1	2	0	2
7547	edinorog	0	0	0	0	2	0	02/06/2011	02/19/2011	13	2	0	0.15384615384615385
1892	JLS	0	0	0	0	2	0	11/08/2009	11/08/2009	1	2	0	2
184928	John68	0	0	0	0	2	0	05/14/2011	05/14/2011	1	2	0	2
131244	Torx	0	0	0	0	2	0	10/01/2009	10/01/2009	1	2	0	2
380029	Chris7	0	0	0	0	2	0	01/01/2011	01/12/2011	12	2	0	0.16666666666666666
388342	jkbtb	2	2	0	0	0	0	06/23/2011	06/23/2011	1	2	2	2
61533	spull	0	0	0	0	2	0	03/10/2010	03/10/2010	1	2	0	2
78411	tkoen	0	0	0	0	2	0	11/08/2008	11/14/2008	7	2	0	0.2857142857142857
266838	sublevel7	0	0	0	0	2	0	05/02/2010	05/02/2010	1	2	0	2
7260	studerap	0	0	0	0	2	0	06/08/2008	06/08/2008	1	2	0	2
9903	ervano	2	0	0	0	0	0	06/27/2010	06/27/2010	1	2	0	2
239397	jaspis	0	0	0	0	2	0	07/21/2010	07/31/2010	11	2	0	0.18181818181818182
416118	erikvanderzee	2	0	0	0	0	0	03/01/2011	03/01/2011	1	2	0	2
521065	ridouan	0	0	2	2	0	0	09/13/2011	09/13/2011	1	2	2	2
95293	Nightdive	0	0	0	0	2	0	08/01/2009	02/24/2010	207	2	0	0.00966183574879227
104388	Robert Collier	0	0	0	0	2	0	04/22/2009	04/22/2009	1	2	0	2
211018	pashgan	0	0	0	0	2	0	06/24/2010	06/19/2011	361	2	0	0.00554016620498615
215730	Sloppie	0	0	0	0	2	0	01/08/2010	01/08/2010	1	2	0	2
130175	Imp	0	0	0	0	2	0	06/10/2011	09/02/2011	85	2	0	0.023529411764705882
146178	Anton Gubarkov	0	0	0	0	2	0	07/17/2009	07/21/2009	5	2	0	0.4
272075	lavano	0	0	0	0	2	0	05/31/2010	05/31/2010	1	2	0	2
498495	gid68	0	0	0	0	2	0	07/31/2011	07/31/2011	1	2	0	2
45684	Niouta	0	0	0	0	2	0	04/14/2009	12/06/2009	237	2	0	0.008438818565400843
327907	wyo	0	0	0	0	2	0	10/08/2010	10/08/2010	1	2	0	2
13368	tomtomtom	2	0	0	0	0	0	09/13/2007	09/14/2007	1	2	0	2
110639	aighes	0	0	0	0	2	0	04/15/2010	10/13/2010	181	2	0	0.011049723756906077
12783	Thomas Matern	0	0	2	0	0	0	12/15/2007	12/15/2007	1	2	0	2
228350	drtom	0	0	0	0	2	0	03/23/2010	03/23/2010	1	2	0	2
232992	sapto	2	1	0	0	0	0	02/15/2010	03/27/2010	41	2	1	0.04878048780487805
63658	godsdog	0	0	0	0	1	0	12/18/2010	12/18/2010	1	1	0	1
36226	Henry Loenwind	0	0	0	0	1	0	10/08/2008	10/08/2008	1	1	0	1
193512	Pyknite	0	0	0	0	1	0	11/12/2009	11/12/2009	1	1	0	1
462959	deepblue66	0	0	0	0	1	0	06/24/2011	06/24/2011	1	1	0	1
376459	Bobby Dazzler	1	1	0	0	0	0	06/24/2011	06/24/2011	1	1	1	1
98682	Stéphane Péchard	0	0	1	0	0	0	12/17/2009	12/17/2009	1	1	0	1
54824	pobept	0	0	0	0	1	0	05/26/2009	05/26/2009	1	1	0	1
21555	joostdejong	1	1	0	0	0	0	02/24/2011	02/24/2011	1	1	1	1
59547	spielmops	0	0	0	0	1	0	05/06/2009	05/06/2009	1	1	0	1
124870	Walkingmage	0	0	0	0	1	0	12/08/2010	12/08/2010	1	1	0	1
26153	cytrinox	0	0	0	0	1	0	08/05/2008	08/05/2008	1	1	0	1
64437	mce	1	1	0	0	0	0	11/24/2009	11/24/2009	1	1	1	1
24572	sly	0	0	0	0	1	0	01/26/2010	01/26/2010	1	1	0	1
123946	Martin_D	0	0	0	0	1	0	06/11/2009	06/11/2009	1	1	0	1
386743	Mosqit	0	0	0	0	1	0	03/28/2011	03/28/2011	1	1	0	1
86922	dusky	0	0	0	0	1	0	06/01/2009	06/01/2009	1	1	0	1
130277	Teuxe	0	0	0	0	1	0	02/23/2011	02/23/2011	1	1	0	1
83464	MVG38	0	0	0	0	1	0	12/28/2010	12/28/2010	1	1	0	1
353558	wonderfullwb	1	1	0	0	0	0	10/01/2010	10/01/2010	1	1	1	1
125687	tubeli	0	0	1	1	0	0	04/25/2010	04/25/2010	1	1	1	1
24256	oglord	0	0	0	0	1	0	12/21/2009	12/21/2009	1	1	0	1
85113	ckristijan	1	0	0	0	0	0	03/02/2010	03/02/2010	1	1	0	1
43745	vpaul	0	0	0	0	1	0	05/01/2009	05/01/2009	1	1	0	1
46	FrankM	0	0	0	0	1	0	07/20/2008	07/20/2008	1	1	0	1
29504	Kurt Roeckx	0	0	0	0	1	0	09/27/2009	09/27/2009	1	1	0	1
165465	MaXeP	0	0	0	0	1	0	08/23/2010	08/23/2010	1	1	0	1
286114	MyPoi	1	1	0	0	0	0	05/11/2010	05/11/2010	1	1	1	1
102899	stw1701	0	0	0	0	1	0	07/02/2009	07/02/2009	1	1	0	1
47126	NAVSTAR	0	0	0	0	1	0	06/13/2010	06/13/2010	1	1	0	1
125339	efred	0	0	0	0	1	0	08/26/2011	08/26/2011	1	1	0	1
83291	Surly	0	0	0	0	1	0	08/12/2011	08/12/2011	1	1	0	1
186651	Teddych	0	0	0	0	1	0	11/16/2009	11/16/2009	1	1	0	1
461945	poppei82	0	0	0	0	1	0	07/05/2011	07/05/2011	1	1	0	1
368484	jolarti	1	0	0	0	0	0	11/08/2010	11/08/2010	1	1	0	1
38035	turtle	0	0	0	0	1	0	04/16/2010	04/16/2010	1	1	0	1
82210	ViewFromTheBoundary	1	0	0	0	0	0	09/08/2009	09/08/2009	1	1	0	1
334153	Alexander Roalter	0	0	0	0	1	0	11/06/2010	11/06/2010	1	1	0	1
158153	jetthe	0	0	0	0	1	0	01/17/2010	01/17/2010	1	1	0	1
4622	mcknut	1	0	0	0	0	0	07/11/2009	07/11/2009	1	1	0	1
209460	AlexZolotarev	1	0	0	0	0	0	03/07/2011	03/07/2011	1	1	0	1
66182	Mauski	0	0	0	0	1	0	07/21/2009	07/21/2009	1	1	0	1
52047	Asbjørn Sloth Tønnesen	0	0	0	0	1	0	09/20/2009	09/20/2009	1	1	0	1
3980	TomH	1	0	0	0	0	0	11/25/2007	11/25/2007	1	1	0	1
115651	Konrad Aust	0	0	0	0	1	0	10/23/2009	10/23/2009	1	1	0	1
165061	keinname	0	0	0	0	1	0	11/07/2010	11/07/2010	1	1	0	1
510827	MacTarmac	0	0	0	0	1	1	09/11/2011	09/11/2011	1	1	1	1
97421	vespex	0	0	0	0	1	0	02/16/2010	02/16/2010	1	1	0	1
522402	Melissa1982	0	0	0	0	1	0	09/16/2011	09/16/2011	1	1	0	1
86889	kowoma	0	0	0	0	1	0	03/14/2009	03/14/2009	1	1	0	1
281380	Dave G	1	0	0	0	0	0	05/03/2010	05/03/2010	1	1	0	1
332493	bazgal	0	0	0	0	1	0	05/26/2011	05/26/2011	1	1	0	1
7900	Emmanuel Pacaud	0	0	1	0	0	0	09/09/2010	09/09/2010	1	1	0	1
4652	Deelkar	0	0	1	0	0	0	11/13/2008	11/13/2008	1	1	0	1
91822	joshx	0	0	0	0	1	0	08/29/2009	08/29/2009	1	1	0	1
33223	k127	1	0	0	0	0	0	10/10/2009	10/10/2009	1	1	0	1
343227	Wjb148	0	0	0	0	1	0	10/08/2010	10/08/2010	1	1	0	1
97028	johnhou26	1	0	0	0	0	0	02/05/2009	02/05/2009	1	1	0	1
78732	Boterbloem	0	0	0	0	1	0	11/12/2009	11/12/2009	1	1	0	1
62752	NomadAlien	1	0	0	0	0	0	08/17/2009	08/17/2009	1	1	0	1
54005	zork	0	0	0	0	1	0	05/02/2010	05/02/2010	1	1	0	1
12184	alexfrol	0	0	0	0	1	0	01/13/2010	01/13/2010	1	1	0	1
77446	Flacus	0	0	0	0	1	0	01/04/2009	01/04/2009	1	1	0	1
2956	Christopher	0	0	0	0	1	0	09/26/2008	09/26/2008	1	1	0	1
69864	Ivan Komarov	0	0	0	0	1	0	09/11/2010	09/11/2010	1	1	0	1
155079	dimuzz	0	0	0	0	1	0	11/09/2010	11/09/2010	1	1	0	1
146644	Vasya0000	0	0	0	0	1	0	07/17/2009	07/17/2009	1	1	0	1
174822	Canabis	0	0	0	0	1	0	01/10/2010	01/10/2010	1	1	0	1
421710	andrutl	0	0	0	0	1	0	06/14/2011	06/14/2011	1	1	0	1
88909	miko101	0	0	0	0	1	0	12/01/2010	12/01/2010	1	1	0	1
17068	De Idstaaner	0	0	0	0	1	0	09/11/2009	09/11/2009	1	1	0	1
118613	Schleicher	0	0	0	0	1	0	03/31/2011	03/31/2011	1	1	0	1
332193	novw	1	1	0	0	0	0	08/11/2010	08/11/2010	1	1	1	1
138038	alx	0	0	0	0	1	0	06/30/2009	06/30/2009	1	1	0	1
14786	BroadwayLamb	0	0	0	0	1	0	11/13/2008	11/13/2008	1	1	0	1
212111	okilimu	1	1	0	0	0	0	07/05/2010	07/05/2010	1	1	1	1
22528	saintman	0	0	0	0	1	0	10/22/2009	10/22/2009	1	1	0	1
195713	_torsten_	0	0	0	0	1	0	04/22/2010	04/22/2010	1	1	0	1
21029	kaeru	0	0	0	0	1	0	09/14/2008	09/14/2008	1	1	0	1
55696	MatzeM	0	0	0	0	1	0	01/25/2011	01/25/2011	1	1	0	1
36745	Gluko	0	0	0	0	1	0	08/23/2008	08/23/2008	1	1	0	1
44217	kjon	0	0	0	0	1	0	05/31/2010	05/31/2010	1	1	0	1
303710	daregusta	0	0	0	0	1	0	06/23/2010	06/23/2010	1	1	0	1
23960	Utilisateur anonyme	0	0	0	0	1	0	06/15/2009	06/15/2009	1	1	0	1
203398	alch	0	0	0	0	1	0	04/20/2010	04/20/2010	1	1	0	1
126035	Cornelis	0	0	0	0	1	0	06/07/2011	06/07/2011	1	1	0	1
452266	Никита_33	0	0	0	0	1	0	05/10/2011	05/10/2011	1	1	0	1
12614	rabenkind	0	0	0	0	1	0	02/12/2011	02/12/2011	1	1	0	1
69717	kaitu	0	0	0	0	1	0	01/17/2010	01/17/2010	1	1	0	1
91490	Heinz_V	0	0	0	0	1	0	11/24/2010	11/24/2010	1	1	0	1
155679	Cyzor	0	0	0	0	1	0	08/10/2009	08/10/2009	1	1	0	1
1410	bruce89	0	0	0	0	1	0	02/27/2011	02/27/2011	1	1	0	1
18818	valhalla	0	0	0	0	1	0	08/04/2010	08/04/2010	1	1	0	1
84733	goldwell	0	0	0	0	1	0	01/11/2010	01/11/2010	1	1	0	1
16085	artus70	0	0	0	0	1	0	05/01/2009	05/01/2009	1	1	0	1
172180	AMB	0	0	0	0	1	0	03/06/2010	03/06/2010	1	1	0	1
40560	bkr	0	0	0	0	1	0	02/06/2010	02/06/2010	1	1	0	1
62496	TheHosch	0	0	0	0	1	0	05/18/2010	05/18/2010	1	1	0	1
163998	SteGroPa	0	0	0	0	1	0	01/13/2011	01/13/2011	1	1	0	1
8834	Jocelyn	0	0	0	0	1	0	05/23/2010	05/23/2010	1	1	0	1
182643	temporalista	1	0	0	0	0	0	12/20/2010	12/20/2010	1	1	0	1
17752	Yuri Nazarov	0	0	0	0	1	0	09/06/2009	09/06/2009	1	1	0	1
147192	robe	0	0	0	0	1	0	08/02/2009	08/02/2009	1	1	0	1
96817	Pornomücke	0	0	0	0	1	0	04/27/2010	04/27/2010	1	1	0	1
225447	translucent	1	1	0	0	0	0	05/21/2010	05/21/2010	1	1	1	1
12919	Cerritus	0	0	0	0	1	0	08/14/2008	08/14/2008	1	1	0	1
27531	hirnfred	0	0	0	0	1	0	10/26/2009	10/26/2009	1	1	0	1
33502	Igor Shubovych	1	0	0	0	0	0	06/10/2009	06/10/2009	1	1	0	1
200001	juris	0	0	0	0	1	0	03/27/2011	03/27/2011	1	1	0	1
194280	merto	0	0	0	0	1	0	02/08/2010	02/08/2010	1	1	0	1
11321	Pecisk	0	0	0	0	1	0	05/17/2009	05/17/2009	1	1	0	1
12790	BigHead	0	0	0	0	1	0	01/30/2011	01/30/2011	1	1	0	1
433361	Dima M	0	0	0	0	1	0	04/18/2011	04/18/2011	1	1	0	1
356976	michhens	0	0	0	0	1	0	10/16/2010	10/16/2010	1	1	0	1
90188	hypersciocco	0	0	0	0	1	0	04/04/2011	04/04/2011	1	1	0	1
42683	riechfield	0	0	0	0	1	0	09/13/2009	09/13/2009	1	1	0	1
280318	DerFahnder	1	0	0	0	0	0	06/12/2010	06/12/2010	1	1	0	1
54072	Scratbag	0	0	1	1	0	0	12/12/2010	12/12/2010	1	1	1	1
204963	Skejtas	1	0	0	0	0	0	12/07/2009	12/07/2009	1	1	0	1
44329	aikon	0	0	0	0	1	0	08/18/2008	08/18/2008	1	1	0	1
26492	phobie	1	0	0	0	0	0	08/27/2009	08/27/2009	1	1	0	1
7321	rollercow	0	0	0	0	1	0	11/13/2008	11/13/2008	1	1	0	1
246723	Pieter S	0	0	0	0	1	0	08/15/2011	08/15/2011	1	1	0	1
190869	elbatrop	1	1	0	0	0	0	07/17/2011	07/17/2011	1	1	1	1
468547	Tack	0	0	0	0	1	0	07/10/2011	07/10/2011	1	1	0	1
56313	DanielS79	0	0	0	0	1	0	08/13/2008	08/13/2008	1	1	0	1
2566	Sven S_	1	0	0	0	0	0	03/28/2007	03/28/2007	1	1	0	1
167124	Geertje	1	0	0	0	0	0	09/03/2009	09/03/2009	1	1	0	1
6065	MrJoe	0	0	0	0	1	0	07/23/2010	07/23/2010	1	1	0	1
248241	freibier111	1	1	0	0	0	0	03/19/2010	03/19/2010	1	1	1	1
11837	einarr	1	0	0	0	0	0	02/06/2008	02/06/2008	1	1	0	1
216330	SteQQQ	0	0	0	0	1	0	01/27/2010	01/27/2010	1	1	0	1
70621	BikeMap	0	0	0	0	1	0	11/12/2008	11/12/2008	1	1	0	1
313179	thug_n_g	0	0	0	0	1	0	05/07/2011	05/07/2011	1	1	0	1
380508	mishka100	0	0	0	0	1	0	03/28/2011	03/28/2011	1	1	0	1
212207	SunCobalt	0	0	0	0	1	0	09/02/2011	09/02/2011	1	1	0	1
15720	J budissin	0	0	0	0	1	0	07/13/2010	07/13/2010	1	1	0	1
16268	MasterMG	0	0	1	0	0	0	12/26/2008	12/26/2008	1	1	0	1
333718	Sandlover63	0	0	0	0	1	0	08/17/2010	08/17/2010	1	1	0	1
1238	80n	1	0	0	0	0	0	07/31/2008	07/31/2008	1	1	0	1
13006	mmeusel	1	0	0	0	0	0	11/29/2007	11/29/2007	1	1	0	1
143217	remcop	0	0	0	0	1	0	08/11/2009	08/11/2009	1	1	0	1
107811	spock	0	0	0	0	1	0	03/21/2009	03/21/2009	1	1	0	1
445936	Ferdos916	1	0	0	0	0	0	04/28/2011	04/28/2011	1	1	0	1
267782	HansRab	0	0	0	0	1	0	04/23/2010	04/23/2010	1	1	0	1
75496	navigARTor	0	0	0	0	1	0	10/21/2009	10/21/2009	1	1	0	1
190196	FlorinMateiu	0	0	0	0	1	0	11/10/2009	11/10/2009	1	1	0	1
66520	cgaffga	1	1	0	0	0	0	03/13/2010	03/13/2010	1	1	1	1
64653	kl__	1	0	0	0	0	0	08/12/2010	08/12/2010	1	1	0	1
96188	indigoboy	0	0	0	0	1	0	06/21/2009	06/21/2009	1	1	0	1
20873	richard_k	0	0	0	0	1	0	06/04/2010	06/04/2010	1	1	0	1
64881	fmarchal	0	0	0	0	1	0	06/29/2009	06/29/2009	1	1	0	1
122711	rudi007	0	0	0	0	1	0	06/14/2009	06/14/2009	1	1	0	1
86739	Lansin	0	0	0	0	1	0	03/31/2010	03/31/2010	1	1	0	1
57935	patricstrasser	0	0	0	0	1	0	08/30/2009	08/30/2009	1	1	0	1
411497	Summerjam	1	1	0	0	0	0	07/31/2011	07/31/2011	1	1	1	1
2330	LeedsTracker	0	0	0	0	1	0	10/17/2008	10/17/2008	1	1	0	1
116644	p-h	0	0	0	0	1	0	08/16/2009	08/16/2009	1	1	0	1
370437	bjoernchr74	0	0	0	0	1	0	01/30/2011	01/30/2011	1	1	0	1
3129	GeoLeo	1	1	0	0	0	0	11/02/2010	11/02/2010	1	1	1	1
84607	Leif Birch	0	0	0	0	1	0	11/22/2009	11/22/2009	1	1	0	1
47038	Per Lindström	0	0	0	0	1	0	01/01/2010	01/01/2010	1	1	0	1
205819	Jurgen Goedbloed	1	0	0	0	0	0	04/15/2011	04/15/2011	1	1	0	1
216260	pr0wl	0	0	1	1	0	0	05/18/2010	05/18/2010	1	1	1	1
518433	michieldevries	1	1	0	0	0	0	09/08/2011	09/08/2011	1	1	1	1
65847	LKK	0	0	0	0	1	0	09/27/2008	09/27/2008	1	1	0	1
34953	Langlaeufer	0	0	0	0	1	0	02/04/2010	02/04/2010	1	1	0	1
92417	Andrew Lunn	0	0	0	0	1	0	03/09/2009	03/09/2009	1	1	0	1
25720	!i!	0	0	0	0	1	0	11/15/2009	11/15/2009	1	1	0	1
113858	GErnenputsch	0	0	0	0	1	0	10/06/2009	10/06/2009	1	1	0	1
129172	rich-art	1	1	0	0	0	0	02/03/2010	02/03/2010	1	1	1	1
470072	StefanVerkerk	0	0	0	0	1	1	06/13/2011	06/13/2011	1	1	1	1
145302	Gnonthgol	0	0	0	0	1	0	06/16/2010	06/16/2010	1	1	0	1
23785	greecemapper	0	0	0	0	1	0	12/13/2009	12/13/2009	1	1	0	1
91408	Instigater	0	0	0	0	1	0	05/31/2009	05/31/2009	1	1	0	1
221997	EuskalMapa	1	0	0	0	0	0	03/08/2010	03/08/2010	1	1	0	1
34417	TobHaeg	0	0	0	0	1	0	07/19/2009	07/19/2009	1	1	0	1
402689	SnowFox	1	1	0	0	0	0	08/28/2011	08/28/2011	1	1	1	1
101857	gam3	0	0	0	0	1	0	12/04/2009	12/04/2009	1	1	0	1
26959	ttwimlex	1	0	0	0	0	0	12/18/2009	12/18/2009	1	1	0	1
29234	kakkoii	0	0	0	0	1	0	05/19/2009	05/19/2009	1	1	0	1
129503	headshot119	0	0	0	0	1	0	11/26/2009	11/26/2009	1	1	0	1
6340	RainerWasserfuhr	1	0	0	0	0	0	02/02/2010	02/02/2010	1	1	0	1
458593	kneeke	0	0	0	0	1	0	06/12/2011	06/12/2011	1	1	0	1
74441	demivee	0	0	0	0	1	0	09/28/2009	09/28/2009	1	1	0	1
109373	henk9876	0	0	0	0	1	0	08/21/2011	08/21/2011	1	1	0	1
12294	izzor	0	0	0	0	1	0	07/12/2009	07/12/2009	1	1	0	1
105909	Rogehm	0	0	0	0	1	0	05/04/2011	05/04/2011	1	1	0	1
198042	Terensky	0	0	0	0	1	0	01/02/2010	01/02/2010	1	1	0	1
56614	hampelratte	0	0	0	0	1	0	05/15/2009	05/15/2009	1	1	0	1
40415	nikusha	0	0	0	0	1	0	01/07/2011	01/07/2011	1	1	0	1
185090	beer_absorber	0	0	0	0	1	0	11/14/2010	11/14/2010	1	1	0	1
439901	ypsos	1	1	0	0	0	0	04/19/2011	04/19/2011	1	1	1	1
324936	facultyx	1	0	0	0	0	0	07/27/2010	07/27/2010	1	1	0	1
471580	Frevo	0	0	0	0	1	0	08/22/2011	08/22/2011	1	1	0	1
1626	FredB	1	1	0	0	0	0	07/28/2008	07/28/2008	1	1	1	1
417360	Чевеленков	0	0	0	0	1	0	06/28/2011	06/28/2011	1	1	0	1
343958	Marshallk	1	0	0	0	0	0	09/08/2010	09/08/2010	1	1	0	1
38966	mgerczuk	0	0	0	0	1	0	09/29/2008	09/29/2008	1	1	0	1
46382	GeoJ	0	0	0	0	1	0	09/04/2008	09/04/2008	1	1	0	1
31303	dionysus1975	0	0	0	0	1	0	05/11/2011	05/11/2011	1	1	0	1
78768	mink	0	0	0	0	1	0	12/25/2008	12/25/2008	1	1	0	1
15188	Polyglot	1	0	0	0	0	0	10/18/2010	10/18/2010	1	1	0	1
178274	Frenzel	0	0	0	0	1	0	10/03/2009	10/03/2009	1	1	0	1
27115	ricklynch	1	0	0	0	0	0	02/11/2008	02/11/2008	1	1	0	1
15143	Don Hopkins	1	0	0	0	0	0	11/04/2009	11/04/2009	1	1	0	1
473927	MdHSARA	1	1	0	0	0	0	06/20/2011	06/20/2011	1	1	1	1
59661	sigismund	0	0	0	0	1	0	09/13/2010	09/13/2010	1	1	0	1
26599	cdavila	0	0	0	0	1	0	03/14/2009	03/14/2009	1	1	0	1
17715	Chestal	1	0	0	0	0	0	11/04/2007	11/04/2007	1	1	0	1
58066	Willem1	0	0	0	0	1	1	09/17/2011	09/17/2011	1	1	1	1
78090	Roman Fischer	0	0	0	0	1	0	04/07/2010	04/07/2010	1	1	0	1
94305	Tirkon	0	0	0	0	1	0	02/23/2009	02/23/2009	1	1	0	1
114388	ubahnverleih	1	1	0	0	0	0	07/16/2011	07/16/2011	1	1	1	1
129290	peherzma	0	0	0	0	1	0	07/07/2009	07/07/2009	1	1	0	1
65114	FFes	0	0	0	0	1	0	09/10/2009	09/10/2009	1	1	0	1
72736	jst0	0	0	0	0	1	0	07/03/2009	07/03/2009	1	1	0	1
451721	rclasen	0	0	0	0	1	0	05/23/2011	05/23/2011	1	1	0	1
196103	Eraclitus	0	0	0	0	1	0	05/29/2011	05/29/2011	1	1	0	1
314211	OldIvantey	0	0	0	0	1	0	03/13/2011	03/13/2011	1	1	0	1
56277	jklippel	0	0	0	0	1	0	06/13/2009	06/13/2009	1	1	0	1
131059	h4ck3rm1k3	0	0	0	0	1	0	02/05/2011	02/05/2011	1	1	0	1
112939	picha2	0	0	0	0	1	0	04/02/2009	04/02/2009	1	1	0	1
12293	Nighto	1	0	0	0	0	0	07/26/2009	07/26/2009	1	1	0	1
8104	Johan Ur Riise	1	1	0	0	0	0	07/14/2009	07/14/2009	1	1	1	1
3555	Marc Schütz	1	0	0	0	0	0	05/24/2007	05/24/2007	1	1	0	1
28386	georgloesel	0	0	0	0	1	0	02/24/2008	02/24/2008	1	1	0	1
109852	Reinier Battenberg	1	0	0	0	0	0	04/22/2011	04/22/2011	1	1	0	1
67621	Riccardo Stagni	0	0	0	0	1	0	08/29/2009	08/29/2009	1	1	0	1
214968	lezurdis	1	0	0	0	0	0	02/27/2011	02/27/2011	1	1	0	1
93547	Reboli_NL	0	0	0	0	1	0	04/30/2010	04/30/2010	1	1	0	1
27455	pipsworld	0	0	1	0	0	0	02/15/2008	02/15/2008	1	1	0	1
368493	fserges	0	0	0	0	1	0	08/05/2011	08/05/2011	1	1	0	1
231013	Guitarmaen	0	0	0	0	1	0	03/26/2010	03/26/2010	1	1	0	1
300132	CLQ123	0	0	0	0	1	0	06/07/2010	06/07/2010	1	1	0	1
9010	rasher	0	0	0	0	1	0	04/12/2011	04/12/2011	1	1	0	1
31856	matjeshering	0	0	0	0	1	0	05/13/2009	05/13/2009	1	1	0	1
215707	Andre_pb	0	0	0	0	1	0	09/22/2010	09/22/2010	1	1	0	1
416514	sundemon	0	0	0	0	1	0	08/06/2011	08/06/2011	1	1	0	1
452379	Antonio Pisano	0	0	0	0	1	0	05/11/2011	05/11/2011	1	1	0	1
7412	mjulius	0	0	1	0	0	0	04/02/2010	04/02/2010	1	1	0	1
376057	johanmyst	0	0	0	0	1	0	07/19/2011	07/19/2011	1	1	0	1
166445	GranD	1	0	0	0	0	0	01/19/2010	01/19/2010	1	1	0	1
22053	triplea	0	0	0	0	1	0	08/10/2008	08/10/2008	1	1	0	1
143251	JWvdVeer	0	0	0	0	1	0	07/15/2009	07/15/2009	1	1	0	1
251996	BBee	0	0	0	0	1	0	04/07/2010	04/07/2010	1	1	0	1
115067	Aleksejs	0	0	0	0	1	0	07/04/2009	07/04/2009	1	1	0	1
39023	Pointdee	0	0	0	0	1	0	01/14/2009	01/14/2009	1	1	0	1
503870	Reiner Schneck	1	0	0	0	0	0	09/07/2011	09/07/2011	1	1	0	1
109343	radhof	1	0	0	0	0	0	01/16/2010	01/16/2010	1	1	0	1
17099	matmai	0	0	0	0	1	0	08/31/2008	08/31/2008	1	1	0	1
90235	log_01	0	0	0	0	1	0	08/22/2010	08/22/2010	1	1	0	1
139384	AKz	0	0	0	0	1	0	07/09/2009	07/09/2009	1	1	0	1
103977	scooper86	1	1	0	0	0	0	12/19/2010	12/19/2010	1	1	1	1
36443	jman1983	0	0	0	0	1	0	09/10/2011	09/10/2011	1	1	0	1
42938	Xanadu	0	0	0	0	1	0	02/09/2010	02/09/2010	1	1	0	1
165	Richard	0	0	0	0	1	0	04/10/2010	04/10/2010	1	1	0	1
44410	Geraldomat	0	0	0	0	1	0	07/04/2010	07/04/2010	1	1	0	1
266092	luch86	0	0	0	0	1	0	06/17/2010	06/17/2010	1	1	0	1
144761	SilviaMikica	1	0	0	0	0	0	08/10/2009	08/10/2009	1	1	0	1
428303	_Challenger_	0	0	0	0	1	0	03/28/2011	03/28/2011	1	1	0	1
48226	Tjeerd Kramer	0	0	1	0	0	0	06/27/2008	06/27/2008	1	1	0	1
8764	egore911	0	0	0	0	1	0	07/26/2008	07/26/2008	1	1	0	1
180462	Dennis Apter	0	0	0	0	1	0	01/26/2010	01/26/2010	1	1	0	1
83097	Frantony	0	0	0	0	1	0	05/17/2009	05/17/2009	1	1	0	1
229451	vlo	1	0	0	0	0	0	02/05/2010	02/05/2010	1	1	0	1
41897	Candid Dauth	0	0	0	0	1	0	05/04/2009	05/04/2009	1	1	0	1
44584	mluger	1	0	0	0	0	0	06/08/2008	06/08/2008	1	1	0	1
97922	damjang	0	0	0	0	1	0	09/19/2009	09/19/2009	1	1	0	1
386123	Jomiel	1	0	0	0	0	0	12/20/2010	12/20/2010	1	1	0	1
224440	Syl	0	0	1	0	0	0	03/01/2011	03/01/2011	1	1	0	1
467339	totoko	1	1	0	0	0	0	07/30/2011	07/30/2011	1	1	1	1
181994	goppermann	0	0	0	0	1	0	03/16/2010	03/16/2010	1	1	0	1
338156	JAB65	0	0	0	0	1	0	08/25/2010	08/25/2010	1	1	0	1
82575	Charliemyke	0	0	0	0	1	0	07/07/2009	07/07/2009	1	1	0	1
208336	vignaccia	0	0	0	0	1	0	08/05/2011	08/05/2011	1	1	0	1
464894	luismonteiro	1	1	0	0	0	0	06/03/2011	06/03/2011	1	1	1	1
13840	mcdmx	0	0	0	0	1	0	03/15/2009	03/15/2009	1	1	0	1
253404	Franz Strohmer	1	0	0	0	0	0	10/20/2010	10/20/2010	1	1	0	1
39072	Rene Westerholt	1	0	0	0	0	0	08/25/2009	08/25/2009	1	1	0	1
7471	Irrfahrt	0	0	0	0	1	0	05/27/2010	05/27/2010	1	1	0	1
37109	Baruch	1	0	0	0	0	0	06/18/2009	06/18/2009	1	1	0	1
26406	Kevin_Price	0	0	0	0	1	0	06/06/2008	06/06/2008	1	1	0	1
68486	iridio191	0	0	0	0	1	0	02/13/2011	02/13/2011	1	1	0	1
4951	PeterIto	0	0	0	0	1	0	06/20/2009	06/20/2009	1	1	0	1
20968	ArjanS	0	0	0	0	1	0	05/15/2009	05/15/2009	1	1	0	1
495735	pitdicker	0	0	0	0	1	0	07/27/2011	07/27/2011	1	1	0	1
10610	RedFox	1	0	0	0	0	0	08/04/2009	08/04/2009	1	1	0	1
445028	Sebke	0	0	0	0	1	0	08/07/2011	08/07/2011	1	1	0	1
53007	musekusz	0	0	0	0	1	0	11/30/2009	11/30/2009	1	1	0	1
3585	SlowRider	1	0	0	0	0	0	12/23/2007	12/23/2007	1	1	0	1
261173	12rus	0	0	0	0	1	0	04/08/2011	04/08/2011	1	1	0	1
91833	rabe_de	0	0	0	0	1	0	06/05/2009	06/05/2009	1	1	0	1
32347	marmai	0	0	0	0	1	0	12/15/2009	12/15/2009	1	1	0	1
12473	mikelima	0	0	0	0	1	0	05/15/2009	05/15/2009	1	1	0	1
106405	turbojoe	0	0	0	0	1	0	05/11/2009	05/11/2009	1	1	0	1
206189	slpak	0	0	0	0	1	0	04/11/2010	04/11/2010	1	1	0	1
480038	FREDERIK	1	0	0	0	0	0	07/01/2011	07/01/2011	1	1	0	1
107703	herisusa	0	0	0	0	1	0	09/13/2010	09/13/2010	1	1	0	1
60824	Carsten Güse	0	0	0	0	1	0	03/16/2009	03/16/2009	1	1	0	1
496665	tiagorosado	1	1	0	0	0	0	07/27/2011	07/27/2011	1	1	1	1
25732	Sternenfaenger	0	0	0	0	1	0	08/01/2010	08/01/2010	1	1	0	1
225442	Loll78	0	0	0	0	1	0	08/07/2010	08/07/2010	1	1	0	1
8748	ToniE	0	0	0	0	1	0	02/22/2009	02/22/2009	1	1	0	1
335057	Albix	0	0	0	0	1	0	08/18/2010	08/18/2010	1	1	0	1
275821	Ramzes	0	0	0	0	1	0	05/26/2011	05/26/2011	1	1	0	1
7426	hugoe	0	0	0	0	1	0	10/06/2009	10/06/2009	1	1	0	1
239332	greensail	0	0	0	0	1	0	07/21/2010	07/21/2010	1	1	0	1
446741	navmaps_eu	0	0	0	0	1	0	05/05/2011	05/05/2011	1	1	0	1
392787	OldFox	0	0	0	0	1	0	01/09/2011	01/09/2011	1	1	0	1
281686	oslan	0	0	0	0	1	0	08/25/2010	08/25/2010	1	1	0	1
131968	changchun_1	0	0	0	0	1	0	02/19/2011	02/19/2011	1	1	0	1
4815	*Martin*	0	0	0	0	1	0	07/13/2010	07/13/2010	1	1	0	1
36785	PWolf	0	0	0	0	1	0	11/05/2009	11/05/2009	1	1	0	1
272356	bagjanwiedus	0	0	0	0	1	0	06/09/2010	06/09/2010	1	1	0	1
48010	partim	0	0	0	0	1	0	03/19/2009	03/19/2009	1	1	0	1
324298	cdg	0	0	0	0	1	0	07/27/2010	07/27/2010	1	1	0	1
85761	klausis	0	0	0	0	1	0	11/08/2009	11/08/2009	1	1	0	1
58950	mfi	0	0	0	0	1	0	07/03/2009	07/03/2009	1	1	0	1
88763	pinkpussy	0	0	0	0	1	0	12/01/2010	12/01/2010	1	1	0	1
420772	Maximiliano	0	0	0	0	1	0	03/12/2011	03/12/2011	1	1	0	1
221087	Nexor	0	0	0	0	1	0	01/23/2011	01/23/2011	1	1	0	1
150201	plamen	0	0	0	0	1	0	10/21/2009	10/21/2009	1	1	0	1
518335	pietervanzijl	0	0	1	1	0	0	09/07/2011	09/07/2011	1	1	1	1
4499	Jochen Topf	0	0	0	0	1	0	01/02/2009	01/02/2009	1	1	0	1
66151	ggrazioli	0	0	0	0	1	0	02/09/2009	02/09/2009	1	1	0	1
296881	haydoni	0	0	0	0	1	0	06/01/2010	06/01/2010	1	1	0	1
2797	rycee	0	0	0	0	1	0	01/30/2010	01/30/2010	1	1	0	1
70400	Schwedenhagen	0	0	0	0	1	0	10/16/2009	10/16/2009	1	1	0	1
313534	jeroen70	0	0	1	1	0	0	07/05/2010	07/05/2010	1	1	1	1
46169	wolter	0	0	0	0	1	0	05/11/2010	05/11/2010	1	1	0	1
356762	Slovopotam	0	0	0	0	1	0	09/13/2011	09/13/2011	1	1	0	1
342155	Rroland	0	0	1	1	0	0	09/05/2011	09/05/2011	1	1	1	1
464135	sevenup	0	0	0	0	1	0	07/14/2011	07/14/2011	1	1	0	1
